-- MySQL dump 10.13  Distrib 8.0.41, for Linux (x86_64)
--
-- Host: localhost    Database: wills_dev_db
-- ------------------------------------------------------
-- Server version	8.0.41-0ubuntu0.20.04.1

/*!40101 SET @OLD_CHARACTER_SET_CLIENT=@@CHARACTER_SET_CLIENT */;
/*!40101 SET @OLD_CHARACTER_SET_RESULTS=@@CHARACTER_SET_RESULTS */;
/*!40101 SET @OLD_COLLATION_CONNECTION=@@COLLATION_CONNECTION */;
/*!50503 SET NAMES utf8mb4 */;
/*!40103 SET @OLD_TIME_ZONE=@@TIME_ZONE */;
/*!40103 SET TIME_ZONE='+00:00' */;
/*!40014 SET @OLD_UNIQUE_CHECKS=@@UNIQUE_CHECKS, UNIQUE_CHECKS=0 */;
/*!40014 SET @OLD_FOREIGN_KEY_CHECKS=@@FOREIGN_KEY_CHECKS, FOREIGN_KEY_CHECKS=0 */;
/*!40101 SET @OLD_SQL_MODE=@@SQL_MODE, SQL_MODE='NO_AUTO_VALUE_ON_ZERO' */;
/*!40111 SET @OLD_SQL_NOTES=@@SQL_NOTES, SQL_NOTES=0 */;

--
-- Table structure for table `bookings`
--

DROP TABLE IF EXISTS `bookings`;
/*!40101 SET @saved_cs_client     = @@character_set_client */;
/*!50503 SET character_set_client = utf8mb4 */;
CREATE TABLE `bookings` (
  `duration` varchar(20) DEFAULT NULL,
  `checkin` date NOT NULL,
  `checkout` date DEFAULT NULL,
  `is_paid` enum('yes','no') NOT NULL,
  `is_use` tinyint(1) DEFAULT NULL,
  `guest_number` varchar(30) NOT NULL,
  `amount` float NOT NULL,
  `customer_id` varchar(60) NOT NULL,
  `room_id` varchar(60) NOT NULL,
  `checkin_by_id` varchar(60) NOT NULL,
  `checkout_by_id` varchar(60) DEFAULT NULL,
  `id` varchar(60) NOT NULL,
  `created_at` datetime DEFAULT NULL,
  `updated_at` datetime DEFAULT NULL,
  PRIMARY KEY (`id`),
  KEY `customer_id` (`customer_id`),
  KEY `room_id` (`room_id`),
  KEY `checkin_by_id` (`checkin_by_id`),
  KEY `checkout_by_id` (`checkout_by_id`),
  CONSTRAINT `bookings_ibfk_1` FOREIGN KEY (`customer_id`) REFERENCES `customers` (`id`),
  CONSTRAINT `bookings_ibfk_2` FOREIGN KEY (`room_id`) REFERENCES `rooms` (`id`),
  CONSTRAINT `bookings_ibfk_3` FOREIGN KEY (`checkin_by_id`) REFERENCES `users` (`id`),
  CONSTRAINT `bookings_ibfk_4` FOREIGN KEY (`checkout_by_id`) REFERENCES `users` (`id`)
) ENGINE=InnoDB DEFAULT CHARSET=utf8mb4 COLLATE=utf8mb4_0900_ai_ci;
/*!40101 SET character_set_client = @saved_cs_client */;

--
-- Dumping data for table `bookings`
--

LOCK TABLES `bookings` WRITE;
/*!40000 ALTER TABLE `bookings` DISABLE KEYS */;
INSERT INTO `bookings` VALUES ('1','2025-03-04','2025-03-05','yes',1,'1 male, 1 female',22500,'b69d571b-c80e-4013-bc78-64b3064b9261','571b8411-432e-45a2-a15c-9f7733821808','3608d9a5-0062-481e-bb02-f4f049cf4ae2',NULL,'18bf5dfc-7c64-4301-b87f-f43b6f690eb2','2025-03-04 13:29:12','2025-03-04 13:29:12'),('1','2025-03-03','2025-03-04','yes',1,'1 male',19500,'beb0f519-9fd9-4778-9870-6829a6f4b88e','952a8b81-4190-4adb-8bb6-3148eb4b202b','650c6cc4-ebf8-499d-b702-956e36e89ada','650c6cc4-ebf8-499d-b702-956e36e89ada','1a83fb42-1317-4e74-b893-973229a3069b','2025-03-03 16:40:36','2025-03-03 23:14:37'),('1','2025-03-04','2025-03-05','yes',1,'1 male, 1 female',22500,'28adc58e-f6df-4034-9912-d61cabe8c5bd','37dcc008-47dc-4c35-8d7d-915554363381','3608d9a5-0062-481e-bb02-f4f049cf4ae2',NULL,'3e4dbf34-d78f-4c81-94fd-c8d72c434e26','2025-03-04 13:59:04','2025-03-04 13:59:04'),('1','2025-03-03','2025-03-04','yes',0,'2 males',22500,'b594c16a-f461-487f-b51a-2caf91ebefa1','255a2a36-2df3-4fdb-a4af-e012c66aa48d','650c6cc4-ebf8-499d-b702-956e36e89ada','64e03960-9e8b-4b66-b716-ccedaf09941b','5088e38d-1a78-4782-94a8-01889c04534e','2025-03-03 16:23:53','2025-03-04 13:22:32'),('1','2025-03-03','2025-03-04','yes',1,' 1 female',19500,'abb8880d-c211-4bab-80cc-f51c8143a4d1','470255dd-fc88-45a0-a49e-5a0315f157ba','f2b31a99-5274-4b62-be37-57a7f78ba04e',NULL,'5e5b8970-b7eb-42b1-a853-9b2107dbdadf','2025-03-03 16:02:19','2025-03-03 16:02:19'),('1','2025-03-01','2025-03-02','yes',1,'1 male',19500,'beb0f519-9fd9-4778-9870-6829a6f4b88e','952a8b81-4190-4adb-8bb6-3148eb4b202b','64e03960-9e8b-4b66-b716-ccedaf09941b','f2b31a99-5274-4b62-be37-57a7f78ba04e','603e9d9e-513c-45be-8b8f-544956b8a151','2025-03-01 12:46:25','2025-03-02 18:52:02'),('1','2025-03-03','2025-03-04','yes',0,'1 male, 1 female',22500,'a50ea372-d29b-4563-8f1d-4dd9b2ae10c4','37dcc008-47dc-4c35-8d7d-915554363381','3608d9a5-0062-481e-bb02-f4f049cf4ae2','64e03960-9e8b-4b66-b716-ccedaf09941b','6bae0d6c-62a0-4fcb-8136-32c33581f1b0','2025-03-03 13:45:01','2025-03-04 13:22:56'),('1','2025-03-04','2025-03-05','yes',1,'1 male',22500,'69eb1adb-c7cd-469b-8e06-a0acb5caf857','c5acafe5-131c-4397-948f-a3d939f41eab','3608d9a5-0062-481e-bb02-f4f049cf4ae2',NULL,'6dee988e-9ed5-4e0b-b7a2-edc390ff7fe6','2025-03-04 17:17:32','2025-03-04 17:17:32'),('1','2025-03-01','2025-03-02','yes',0,'1 male, 1 female',22500,'d257c2ff-32d2-400e-aafd-026f55ffc031','571b8411-432e-45a2-a15c-9f7733821808','650c6cc4-ebf8-499d-b702-956e36e89ada','f2b31a99-5274-4b62-be37-57a7f78ba04e','a46b7305-3444-48b8-a201-4bec00ab4884','2025-03-01 12:53:59','2025-03-02 18:20:15'),('1','2025-03-04','2025-03-05','yes',1,'1 male, 1 female',22500,'2a7ee105-5384-4b78-8032-f5f9e52a7ac1','78e43660-d880-43d7-9599-8af690578a10','3608d9a5-0062-481e-bb02-f4f049cf4ae2',NULL,'b72cf9b4-3a98-43e9-8df1-33b8dc5e2c73','2025-03-04 17:04:45','2025-03-04 17:04:45'),('2','2025-03-01','2025-03-03','yes',1,'1 male, 1 female',45000,'c7a4370f-f13b-4eaa-9b1c-fcd9eb5b760c','7c2b4ca2-60f5-484c-a95c-158744a2b1c5','650c6cc4-ebf8-499d-b702-956e36e89ada',NULL,'bf9901de-03b3-42cd-bb2a-e050dd98303a','2025-03-01 12:32:03','2025-03-01 12:32:03'),('2','2025-03-03','2025-03-05','yes',1,'1 male, 1 female',45000,'c7a4370f-f13b-4eaa-9b1c-fcd9eb5b760c','7c2b4ca2-60f5-484c-a95c-158744a2b1c5','3608d9a5-0062-481e-bb02-f4f049cf4ae2',NULL,'c25e064e-d73e-453b-8260-ae73511ee289','2025-03-03 13:51:00','2025-03-03 13:51:00'),('1','2025-03-04','2025-03-05','yes',1,'1 male, 1 female',19500,'ad4e7857-a7c7-49ee-956a-e584748fe114','026fbd0a-5fce-40d2-b3f3-2539b39087af','f2b31a99-5274-4b62-be37-57a7f78ba04e',NULL,'c294fa39-e8f5-480d-82e7-6f56d50c72ac','2025-03-04 19:33:36','2025-03-04 19:33:36'),('1','2025-03-04','2025-03-05','yes',1,'2 male',22500,'32a3898a-7051-4b4c-89a5-9325d8f05aaa','255a2a36-2df3-4fdb-a4af-e012c66aa48d','f2b31a99-5274-4b62-be37-57a7f78ba04e',NULL,'c624a0d1-c633-4cc0-9d62-e7ba24107745','2025-03-04 19:22:42','2025-03-04 19:22:42'),('1','2025-03-02','2025-03-03','yes',1,'1 male',19500,'beb0f519-9fd9-4778-9870-6829a6f4b88e','952a8b81-4190-4adb-8bb6-3148eb4b202b','f2b31a99-5274-4b62-be37-57a7f78ba04e','f2b31a99-5274-4b62-be37-57a7f78ba04e','de56f155-8f17-4793-841d-809fd75c481e','2025-03-02 18:19:38','2025-03-02 18:53:42'),('1','2025-03-02','2025-03-03','yes',1,'1 male, 1 female',22500,'d257c2ff-32d2-400e-aafd-026f55ffc031','571b8411-432e-45a2-a15c-9f7733821808','f2b31a99-5274-4b62-be37-57a7f78ba04e',NULL,'f0c1383d-972f-4c94-992a-bfd2eb0260d0','2025-03-02 18:20:51','2025-03-02 18:20:51'),('1','2025-03-01','2025-03-02','yes',0,'2 males',22500,'b594c16a-f461-487f-b51a-2caf91ebefa1','255a2a36-2df3-4fdb-a4af-e012c66aa48d','650c6cc4-ebf8-499d-b702-956e36e89ada','64e03960-9e8b-4b66-b716-ccedaf09941b','fd54cba6-1a19-414b-85e5-4ff0be4248be','2025-03-01 14:10:34','2025-03-04 13:22:32');
/*!40000 ALTER TABLE `bookings` ENABLE KEYS */;
UNLOCK TABLES;

--
-- Table structure for table `cats`
--

DROP TABLE IF EXISTS `cats`;
/*!40101 SET @saved_cs_client     = @@character_set_client */;
/*!50503 SET character_set_client = utf8mb4 */;
CREATE TABLE `cats` (
  `month` date NOT NULL,
  `amount` float NOT NULL,
  `is_paid` tinyint(1) DEFAULT NULL,
  `id` varchar(60) NOT NULL,
  `created_at` datetime DEFAULT NULL,
  `updated_at` datetime DEFAULT NULL,
  PRIMARY KEY (`id`),
  UNIQUE KEY `month` (`month`)
) ENGINE=InnoDB DEFAULT CHARSET=utf8mb4 COLLATE=utf8mb4_0900_ai_ci;
/*!40101 SET character_set_client = @saved_cs_client */;

--
-- Dumping data for table `cats`
--

LOCK TABLES `cats` WRITE;
/*!40000 ALTER TABLE `cats` DISABLE KEYS */;
/*!40000 ALTER TABLE `cats` ENABLE KEYS */;
UNLOCK TABLES;

--
-- Table structure for table `customers`
--

DROP TABLE IF EXISTS `customers`;
/*!40101 SET @saved_cs_client     = @@character_set_client */;
/*!50503 SET character_set_client = utf8mb4 */;
CREATE TABLE `customers` (
  `name` varchar(225) NOT NULL,
  `address` varchar(225) DEFAULT NULL,
  `gender` enum('male','female') DEFAULT NULL,
  `phone` varchar(30) DEFAULT NULL,
  `is_guest` tinyint(1) DEFAULT NULL,
  `id_type` varchar(225) DEFAULT NULL,
  `id_number` varchar(225) DEFAULT NULL,
  `email` varchar(225) DEFAULT NULL,
  `id` varchar(60) NOT NULL,
  `created_at` datetime DEFAULT NULL,
  `updated_at` datetime DEFAULT NULL,
  PRIMARY KEY (`id`)
) ENGINE=InnoDB DEFAULT CHARSET=utf8mb4 COLLATE=utf8mb4_0900_ai_ci;
/*!40101 SET character_set_client = @saved_cs_client */;

--
-- Dumping data for table `customers`
--

LOCK TABLES `customers` WRITE;
/*!40000 ALTER TABLE `customers` DISABLE KEYS */;
INSERT INTO `customers` VALUES ('Abdulsalam Kelvin Orunsolu(Scott)','Abeokuta','male','09162579948',1,'','','','01b3e266-eaa6-4649-af1a-c7cb607479d2','2025-03-01 12:43:57','2025-03-01 12:43:57'),('Boluwatife',NULL,NULL,NULL,1,NULL,NULL,NULL,'0254c89e-ad0d-4cf2-ac7d-a8f3f5ad6ad3','2025-03-01 14:20:40','2025-03-01 14:20:40'),('Abdulsalam Kelvin Orunsolu(Scott)','Abeokuta','male','09162579948',1,'','','','0365213f-9809-45b7-aa54-1fb29f45a104','2025-03-01 12:43:43','2025-03-01 12:43:43'),('Kehinde',NULL,NULL,NULL,0,NULL,NULL,NULL,'074990b0-15d1-4283-8add-1741a3a611d2','2025-03-02 20:11:38','2025-03-02 20:11:38'),('Tunde\'s Friend',NULL,NULL,NULL,0,NULL,NULL,NULL,'088dda87-854e-490e-9705-0ec6f0d1f860','2025-03-03 21:08:27','2025-03-03 21:08:27'),('Ola Small',NULL,NULL,NULL,0,NULL,NULL,NULL,'0a24c08c-5d26-45a1-8807-357516663270','2025-03-02 21:55:30','2025-03-02 21:55:30'),('Abeeb',NULL,NULL,NULL,0,NULL,NULL,NULL,'0ac670da-726f-4760-897b-6d433e910655','2025-03-02 20:25:20','2025-03-02 20:25:20'),('Ola Small',NULL,NULL,NULL,0,NULL,NULL,NULL,'0b62f6f2-3b9a-4d7b-af58-4de1a52830db','2025-03-03 21:03:32','2025-03-03 21:03:32'),('Tunde',NULL,NULL,NULL,0,NULL,NULL,NULL,'0d4a9de2-7363-4697-9b56-a6fa092c486e','2025-03-03 23:19:54','2025-03-03 23:19:54'),('Femi',NULL,NULL,NULL,0,NULL,NULL,NULL,'0f2030d4-9e39-4319-910f-f2bfbd2b3dff','2025-03-03 19:57:53','2025-03-03 19:57:53'),('ayo',NULL,NULL,NULL,0,NULL,NULL,NULL,'11927f12-1056-4ed2-8eba-43731ef80ed8','2025-03-04 18:27:07','2025-03-04 18:27:07'),('Management',NULL,NULL,NULL,1,NULL,NULL,NULL,'11bf01d6-ea51-4cfd-8561-2cadad63a84a','2025-03-01 18:52:05','2025-03-01 18:52:05'),('Management',NULL,NULL,NULL,0,NULL,NULL,NULL,'12055903-29e8-45c5-8c70-0a8ae694503c','2025-03-02 20:12:15','2025-03-02 20:12:15'),('Taiye          Abigail',NULL,NULL,NULL,1,NULL,NULL,NULL,'122b7042-e059-4e02-aea4-c1c40821f4cc','2025-03-01 16:56:46','2025-03-01 16:56:46'),('ayo',NULL,NULL,NULL,0,NULL,NULL,NULL,'13663347-ac31-4f8b-9a5e-364bac435d08','2025-03-04 13:47:55','2025-03-04 13:47:55'),('Gateman',NULL,NULL,NULL,0,NULL,NULL,NULL,'182ec8d5-b5ad-4f59-b93e-6b62d61d0387','2025-03-03 20:43:53','2025-03-03 20:43:53'),('Opeyemi',NULL,NULL,NULL,0,NULL,NULL,NULL,'1eecd101-428a-4209-87b4-97fd08ddc97e','2025-03-02 19:29:30','2025-03-02 19:29:30'),('Oyedele Oluwajuwon','Abeokuta','male','08161220379',1,'','','','202379ef-5e9b-4f4c-808b-c42d77599948','2025-03-02 18:26:16','2025-03-02 18:26:16'),('ayo',NULL,NULL,NULL,0,NULL,NULL,NULL,'20cbfc3e-427a-4dc3-9ce5-fdd7e6d2c9e8','2025-03-04 17:47:19','2025-03-04 17:47:19'),('Aremu Ola',NULL,NULL,NULL,1,NULL,NULL,NULL,'214e17bf-f529-440a-adac-c7f1f753b2fe','2025-03-01 15:42:22','2025-03-01 15:42:22'),('Femi',NULL,NULL,NULL,1,NULL,NULL,NULL,'22803531-d65f-4988-a101-4e8497cb7ef5','2025-03-01 18:20:22','2025-03-01 18:20:22'),('Mum Jethro',NULL,NULL,NULL,1,NULL,NULL,NULL,'25d9d2d8-8af4-46ca-9d95-673fe9814a03','2025-03-01 18:47:30','2025-03-01 18:47:30'),('Aremu Ola',NULL,NULL,NULL,0,NULL,NULL,NULL,'267afa21-01d8-4f62-831e-cacb39a5064f','2025-03-03 12:53:19','2025-03-03 12:53:19'),('Mr Abass','camp','male','07065708847',1,'','','','28adc58e-f6df-4034-9912-d61cabe8c5bd','2025-03-04 13:59:04','2025-03-04 13:59:04'),('Management',NULL,NULL,NULL,0,NULL,NULL,NULL,'2a7c0fd4-248e-4019-bc0a-6173940e60c1','2025-03-03 15:16:15','2025-03-03 15:16:15'),('DAMILARE','camp','male','08101568245',1,'','','','2a7ee105-5384-4b78-8032-f5f9e52a7ac1','2025-03-04 17:04:45','2025-03-04 17:04:45'),('scott',NULL,NULL,NULL,0,NULL,NULL,NULL,'2ab7715f-d107-4bb4-b6d1-b4fd56392767','2025-03-03 15:30:19','2025-03-03 15:30:19'),('femi',NULL,NULL,NULL,1,NULL,NULL,NULL,'2ba0a053-bf7c-40aa-a245-0ccbb64bc2e6','2025-03-01 19:53:41','2025-03-01 19:53:41'),('Flamingo',NULL,NULL,NULL,1,NULL,NULL,NULL,'2c8b48c1-25ec-41ea-8362-edf0387793a0','2025-03-01 13:24:34','2025-03-01 13:24:34'),('tosin',NULL,NULL,NULL,0,NULL,NULL,NULL,'2f7a4c26-c909-4542-8468-f08b520e81fc','2025-03-03 15:28:52','2025-03-03 15:28:52'),('Tunde\'s Friend',NULL,NULL,NULL,0,NULL,NULL,NULL,'2fe7d805-ffd3-4866-80a9-84bd5eb37d24','2025-03-03 21:02:34','2025-03-03 21:02:34'),('tosin',NULL,NULL,NULL,0,NULL,NULL,NULL,'3071c5dc-1c4c-4453-9227-a3651b47fad6','2025-03-04 20:13:58','2025-03-04 20:13:58'),('ayomide','camp','male','07065708847',1,'','','','32a3898a-7051-4b4c-89a5-9325d8f05aaa','2025-03-04 19:22:42','2025-03-04 19:22:42'),('Aremu Ola',NULL,NULL,NULL,0,NULL,NULL,NULL,'33095574-d924-4d28-a722-d316a0cb2985','2025-03-03 19:07:07','2025-03-03 19:07:07'),('olamide',NULL,NULL,NULL,0,NULL,NULL,NULL,'333da83e-941c-4205-b742-db23b8adcf0b','2025-03-04 17:57:43','2025-03-04 17:57:43'),('Ola Small',NULL,NULL,NULL,0,NULL,NULL,NULL,'37a37cf6-fdb1-4154-9199-6fc75b3c10cf','2025-03-03 18:18:15','2025-03-03 18:18:15'),('Scott',NULL,NULL,NULL,0,NULL,NULL,NULL,'3aa2c45c-1426-4e24-aa5c-1b240427f55e','2025-03-04 20:20:34','2025-03-04 20:20:34'),('Boluwatife',NULL,NULL,NULL,0,NULL,NULL,NULL,'3d7fff48-04e6-4d22-a9ed-81d4ca3adb65','2025-03-03 19:19:45','2025-03-03 19:19:45'),('scott',NULL,NULL,NULL,0,NULL,NULL,NULL,'3e11c7e7-90df-4bb1-b2e1-d13a628d24f2','2025-03-04 18:15:44','2025-03-04 18:15:44'),('Ola Small',NULL,NULL,NULL,0,NULL,NULL,NULL,'3fd568e5-e0d6-47ad-8dbb-ad884c9b948d','2025-03-03 20:24:59','2025-03-03 20:24:59'),('Flamingo',NULL,NULL,NULL,0,NULL,NULL,NULL,'417016ea-b010-4ec7-83f1-96a85a3d7c60','2025-03-03 21:11:28','2025-03-03 21:11:28'),('toia',NULL,NULL,NULL,0,NULL,NULL,NULL,'487d356b-3df1-41af-835c-76bc10e086af','2025-03-04 20:11:11','2025-03-04 20:11:11'),('honourable',NULL,NULL,NULL,0,NULL,NULL,NULL,'498fd5c5-1982-4bc4-bf6f-bc184196ac01','2025-03-04 14:09:01','2025-03-04 14:09:01'),('Management',NULL,NULL,NULL,0,NULL,NULL,NULL,'4a5a03c3-fc9f-484d-9e9b-4286f9e3c522','2025-03-04 20:50:10','2025-03-04 20:50:10'),('Management',NULL,NULL,NULL,0,NULL,NULL,NULL,'4a755050-7e02-4c9e-b04d-ac40bfce28d4','2025-03-03 21:11:42','2025-03-03 21:11:42'),('Flamingo',NULL,NULL,NULL,0,NULL,NULL,NULL,'4abe8a4d-bfce-4d0b-806d-909763216895','2025-03-04 19:54:02','2025-03-04 19:54:02'),('Aremu Ola',NULL,NULL,NULL,0,NULL,NULL,NULL,'4cd6141e-a104-4740-8fd8-50f74ce0ee1b','2025-03-03 21:46:02','2025-03-03 21:46:02'),('temi',NULL,NULL,NULL,0,NULL,NULL,NULL,'4fb67430-9930-40b0-aa1d-185fe1990eb4','2025-03-04 13:45:42','2025-03-04 13:45:42'),('Tunde',NULL,NULL,NULL,0,NULL,NULL,NULL,'4fedd957-4ade-469d-9d08-7784ed06e30e','2025-03-03 21:44:09','2025-03-03 21:44:09'),('Boluwatife',NULL,NULL,NULL,0,NULL,NULL,NULL,'513f4443-6de2-4ecb-9780-84553c47a08e','2025-03-02 18:40:05','2025-03-02 18:40:05'),('Lukeman',NULL,NULL,NULL,0,NULL,NULL,NULL,'52f9e9ea-98f2-4e9e-a747-a36dfc8bb0ed','2025-03-02 18:47:19','2025-03-02 18:47:19'),('Aremu Ola',NULL,NULL,NULL,0,NULL,NULL,NULL,'54f6f267-9892-4ff0-99cc-a6aca1e00f78','2025-03-03 15:10:23','2025-03-03 15:10:23'),('ola',NULL,NULL,NULL,0,NULL,NULL,NULL,'5502926a-01eb-477d-ae8c-15c295b05733','2025-03-04 14:01:05','2025-03-04 14:01:05'),('Zaccheus',NULL,NULL,NULL,0,NULL,NULL,NULL,'58a78b47-d706-4116-9f7a-0f7178051a80','2025-03-02 22:01:47','2025-03-02 22:01:47'),('Olanrewaju Oluwaponmile','Abeokuta','male','08100126270',1,'','','','59d64491-3149-4bcf-9f93-cdeedc4dcc40','2025-03-02 18:25:03','2025-03-02 18:25:03'),('ola',NULL,NULL,NULL,0,NULL,NULL,NULL,'59fe79ad-24f0-463d-967f-19f3cdde59f9','2025-03-03 17:57:10','2025-03-03 17:57:10'),('Aremu Ola',NULL,NULL,NULL,1,NULL,NULL,NULL,'5b4006a0-0efd-426e-b920-191a6e8dec6b','2025-03-01 14:40:08','2025-03-01 14:40:08'),('Emmanuel',NULL,NULL,NULL,0,NULL,NULL,NULL,'5f2662b6-5a05-4cad-9f5c-22f9581b0e42','2025-03-02 18:42:21','2025-03-02 18:42:21'),('Mum Jethro',NULL,NULL,NULL,1,NULL,NULL,NULL,'5f4c2b61-bd33-4e55-98cf-9cd03e141550','2025-03-01 13:34:37','2025-03-01 13:34:37'),('Management',NULL,NULL,NULL,0,NULL,NULL,NULL,'5fa8acea-a3ca-45b6-8d81-666d8e2b99d9','2025-03-04 19:52:42','2025-03-04 19:52:42'),('Christianah',NULL,NULL,NULL,0,NULL,NULL,NULL,'63e34172-18ba-4574-8b0b-adc05f7e2a8b','2025-03-02 18:44:24','2025-03-02 18:44:24'),('Ifeoluwa',NULL,NULL,NULL,0,NULL,NULL,NULL,'648bf312-3e59-4fca-a0e1-abc35c23def6','2025-03-03 22:53:55','2025-03-03 22:53:55'),('Abigail',NULL,NULL,NULL,0,NULL,NULL,NULL,'657480a5-04f8-42f8-8d2d-f856c6158e99','2025-03-02 18:40:34','2025-03-02 18:40:34'),('Ojotule King','camp','male','09114364065',1,'','','','69eb1adb-c7cd-469b-8e06-a0acb5caf857','2025-03-04 17:17:32','2025-03-04 17:17:32'),('Management',NULL,NULL,NULL,0,NULL,NULL,NULL,'6b68d30d-3f0d-40be-8ca9-1fe5635e6a0e','2025-03-02 19:17:08','2025-03-02 19:17:08'),('adetoye',NULL,NULL,NULL,0,NULL,NULL,NULL,'6d1123a7-6f6c-4569-8b78-99fbaea11c12','2025-03-03 15:26:37','2025-03-03 15:26:37'),('Lukeman',NULL,NULL,NULL,0,NULL,NULL,NULL,'71d71276-1656-499c-a968-421b731f01de','2025-03-04 14:02:02','2025-03-04 14:02:02'),('Management',NULL,NULL,NULL,0,NULL,NULL,NULL,'76623145-34b1-4646-80d6-ea24eaf2b0bd','2025-03-04 18:30:20','2025-03-04 18:30:20'),('Management',NULL,NULL,NULL,0,NULL,NULL,NULL,'77820ed4-46a8-44e3-8353-26512078000f','2025-03-02 18:56:03','2025-03-02 18:56:03'),('Aremu Ola',NULL,NULL,NULL,0,NULL,NULL,NULL,'7aa5c66d-4cc6-4fee-9c0c-231dca12fd0d','2025-03-03 20:28:45','2025-03-03 20:28:45'),('Management',NULL,NULL,NULL,1,NULL,NULL,NULL,'7b53e825-0d4b-45c8-ae64-ad492cbb640a','2025-03-01 18:18:50','2025-03-01 18:18:50'),('Mr. Samson Seun','Abeokuta','male','07030252729',0,'','','','7e9b4481-161a-4596-8ba6-1da2236756c0','2025-03-01 12:36:54','2025-03-01 12:36:54'),('Taiwo',NULL,NULL,NULL,0,NULL,NULL,NULL,'8035afec-bfec-4b72-bdde-a6a24cafb29b','2025-03-02 18:44:45','2025-03-02 18:44:45'),('Abeeb',NULL,NULL,NULL,0,NULL,NULL,NULL,'87820190-bdce-4c93-9292-48555dd3ee35','2025-03-02 20:20:37','2025-03-02 20:20:37'),('Management',NULL,NULL,NULL,0,NULL,NULL,NULL,'897b264d-759b-4eb0-8b0d-827c638095cf','2025-03-02 18:41:10','2025-03-02 18:41:10'),('Flamingo',NULL,NULL,NULL,0,NULL,NULL,NULL,'8e061bb0-df22-474d-a646-22b1d66e8dd4','2025-03-03 15:09:10','2025-03-03 15:09:10'),('Flamingo',NULL,NULL,NULL,0,NULL,NULL,NULL,'8f1d16b1-6e14-43fc-96fb-af7235addf04','2025-03-02 21:51:26','2025-03-02 21:51:26'),('jago',NULL,NULL,NULL,0,NULL,NULL,NULL,'9193c0cd-f3c4-4ab9-9433-5b7bf5faa940','2025-03-04 18:13:21','2025-03-04 18:13:21'),('Abigail',NULL,NULL,NULL,0,NULL,NULL,NULL,'92db03ce-6e62-4626-90f8-3d7b2c00a5ac','2025-03-02 20:10:19','2025-03-02 20:10:19'),('Lukeman',NULL,NULL,NULL,1,NULL,NULL,NULL,'93c9778a-57ae-45d1-8cee-af50345a523d','2025-03-01 15:53:43','2025-03-01 15:53:43'),('ayo',NULL,NULL,NULL,0,NULL,NULL,NULL,'9460c66b-8fea-43bd-b9c1-e690287b7942','2025-03-04 13:35:11','2025-03-04 13:35:11'),('ayo',NULL,NULL,NULL,0,NULL,NULL,NULL,'9f813909-3a8c-435d-829b-e2286d626fc9','2025-03-02 18:13:33','2025-03-02 18:13:33'),('Victoria ',NULL,NULL,NULL,0,NULL,NULL,NULL,'a151c398-038b-47b6-8c30-aaaaaea04847','2025-03-04 18:00:45','2025-03-04 18:00:45'),('ayo',NULL,NULL,NULL,0,NULL,NULL,NULL,'a1b89555-60d2-4116-8135-33c29f49aab7','2025-03-04 14:08:18','2025-03-04 14:08:18'),('Blessing','Abeokuta','female','09039764674',0,'','','','a50ea372-d29b-4563-8f1d-4dd9b2ae10c4','2025-03-03 13:45:01','2025-03-03 13:45:01'),('Victoria ',NULL,NULL,NULL,0,NULL,NULL,NULL,'aa80e38f-7c9c-4a32-8c4c-febce5d56d82','2025-03-02 18:46:14','2025-03-02 18:46:14'),('mr ezekiel','Abeokuta','female','08100126270',1,'','','','abb8880d-c211-4bab-80cc-f51c8143a4d1','2025-03-03 16:02:19','2025-03-03 16:02:19'),('Aremu Ola',NULL,NULL,NULL,1,NULL,NULL,NULL,'ac637676-b64d-433e-848b-7fc0bfd9dadc','2025-03-01 16:35:06','2025-03-01 16:35:06'),('ayomide','camp','male','07065708847',1,'','','','ad4e7857-a7c7-49ee-956a-e584748fe114','2025-03-04 19:33:36','2025-03-04 19:33:36'),('Abigail',NULL,NULL,NULL,0,NULL,NULL,NULL,'aeedab52-50e9-4c84-8f3c-f547e73f9302','2025-03-02 18:40:22','2025-03-02 18:40:22'),('ayo',NULL,NULL,NULL,0,NULL,NULL,NULL,'b2ec213b-90b8-44b6-824c-21be2ccd022d','2025-03-04 17:56:10','2025-03-04 17:56:10'),('Victor Mide Odey','Ilupeju, Camp','male','09165589873',0,'','','','b594c16a-f461-487f-b51a-2caf91ebefa1','2025-03-01 14:10:34','2025-03-01 14:10:34'),('Jolly star','camp','male','08100126270',1,'passport','gghj','david@gmail.com','b69d571b-c80e-4013-bc78-64b3064b9261','2025-03-04 13:29:12','2025-03-04 13:29:12'),('Soliu','Abeokuta','male','09023655907',1,'','','','b7a78c25-0a4a-44a8-9b0a-1cf41f358936','2025-03-01 12:47:28','2025-03-01 12:47:28'),('Aremu Ola',NULL,NULL,NULL,0,NULL,NULL,NULL,'bd55c251-1985-488a-ab2a-24e28c49de53','2025-03-02 18:39:38','2025-03-02 18:39:38'),('Honourable',NULL,NULL,NULL,0,NULL,NULL,NULL,'bdb81b34-75b9-422a-a454-125c7e6b8f45','2025-03-03 18:36:51','2025-03-03 18:36:51'),('Lukeman',NULL,NULL,NULL,0,NULL,NULL,NULL,'be8ffe71-731b-45f6-85ba-42b047cfa884','2025-03-03 15:06:41','2025-03-03 15:06:41'),('Soliu','Abeokuta','male','09023655907',1,'','','','beb0f519-9fd9-4778-9870-6829a6f4b88e','2025-03-01 12:46:25','2025-03-01 13:19:10'),('Scott',NULL,NULL,NULL,0,NULL,NULL,NULL,'c03a413c-ed10-442a-b8ab-626c5d5357e1','2025-03-03 19:22:41','2025-03-03 19:22:41'),('Akeju','Abeokuta','male','08167018334',1,'','','','c7a4370f-f13b-4eaa-9b1c-fcd9eb5b760c','2025-03-01 12:32:03','2025-03-01 12:32:03'),('Management',NULL,NULL,NULL,0,NULL,NULL,NULL,'c7c440f2-a09d-4210-903f-e31f8302f71f','2025-03-03 21:03:54','2025-03-03 21:03:54'),('ayo',NULL,NULL,NULL,0,NULL,NULL,NULL,'cc557b1e-677f-451d-8f40-9cc875e9a370','2025-03-02 18:47:59','2025-03-02 18:47:59'),('Taiye          Abigail',NULL,NULL,NULL,1,NULL,NULL,NULL,'cd01ec51-bcf2-4dfb-a3fc-b83687ec05fa','2025-03-01 18:42:52','2025-03-01 18:42:52'),('Tunde\'s Friend',NULL,NULL,NULL,0,NULL,NULL,NULL,'ce850204-56bd-48a1-a35d-ebe51d5289fd','2025-03-03 23:29:05','2025-03-03 23:29:05'),('Boluwatife',NULL,NULL,NULL,0,NULL,NULL,NULL,'cf174e2d-ff2b-4ef4-a52c-c9e2a213f333','2025-03-02 18:45:18','2025-03-02 18:45:18'),('peace',NULL,NULL,NULL,0,NULL,NULL,NULL,'d098b235-fb19-4f63-adb5-8e6c963cbfc4','2025-03-04 14:10:39','2025-03-04 14:10:39'),('Aremu Ola',NULL,NULL,NULL,0,NULL,NULL,NULL,'d156637a-b8e4-410c-8677-8c50b2e18cbc','2025-03-04 17:05:34','2025-03-04 17:05:34'),('Bamidele Oluwatobi','27, Ayoka Street, Ikeja Indutrial Estate, Ikeja, Lagos','male','08035871929',0,'','','','d257c2ff-32d2-400e-aafd-026f55ffc031','2025-03-01 12:53:59','2025-03-01 12:53:59'),('Management',NULL,NULL,NULL,0,NULL,NULL,NULL,'d6b2f660-c9ed-40ee-9aff-a33dca095033','2025-03-02 18:41:32','2025-03-02 18:41:32'),('olamide',NULL,NULL,NULL,0,NULL,NULL,NULL,'db65d5cf-a290-4fe1-8eef-4e414031dbc6','2025-03-04 17:58:21','2025-03-04 17:58:21'),('Ayomide',NULL,NULL,NULL,0,NULL,NULL,NULL,'ddeb7554-c13d-4cea-85eb-d34ea95ec7bc','2025-03-02 18:38:37','2025-03-02 18:38:37'),('Flamingo',NULL,NULL,NULL,0,NULL,NULL,NULL,'df021a3b-473b-4488-9eaa-198d5c4060d5','2025-03-04 17:42:45','2025-03-04 17:42:45'),('Christianah',NULL,NULL,NULL,0,NULL,NULL,NULL,'e215bd9b-9569-41b5-a064-7f665a5c19ff','2025-03-02 18:43:51','2025-03-02 18:43:51'),('ayo',NULL,NULL,NULL,0,NULL,NULL,NULL,'e26ba409-2762-4a72-8848-9ec9d0016504','2025-03-03 17:27:08','2025-03-03 17:27:08'),('Scott',NULL,NULL,NULL,0,NULL,NULL,NULL,'e675c1a5-55b8-41ae-a1b0-0105866ead59','2025-03-03 20:24:39','2025-03-03 20:24:39'),('Nimota Idera',NULL,NULL,NULL,0,NULL,NULL,NULL,'efccfa4c-90c4-4d9a-83e2-9ac206462af7','2025-03-04 17:09:16','2025-03-04 17:09:16'),('Boluwatife',NULL,NULL,NULL,0,NULL,NULL,NULL,'f628072d-c65f-4f62-8990-407ba37f299f','2025-03-02 20:10:49','2025-03-02 20:10:49'),('jega',NULL,NULL,NULL,0,NULL,NULL,NULL,'f672af4e-5be2-4471-9d25-43a0521c2a43','2025-03-04 17:14:19','2025-03-04 17:14:19'),('Scott',NULL,NULL,NULL,0,NULL,NULL,NULL,'f7dd6e4d-e298-4213-98e0-4ff5015b74a5','2025-03-03 21:08:09','2025-03-03 21:08:09'),('Flamingo',NULL,NULL,NULL,0,NULL,NULL,NULL,'fb06f2fd-65cf-427e-894d-fd623d06c805','2025-03-04 13:52:56','2025-03-04 13:52:56'),('ayo',NULL,NULL,NULL,0,NULL,NULL,NULL,'fd29c28c-2ed0-40db-b6c5-9729eb023c22','2025-03-03 15:12:21','2025-03-03 15:12:21'),('ayo',NULL,NULL,NULL,0,NULL,NULL,NULL,'fd7992d5-9ca4-472e-9ab8-3870ee960989','2025-03-03 15:32:25','2025-03-03 15:32:25'),('Joseph',NULL,NULL,NULL,0,NULL,NULL,NULL,'ff615125-7163-4fc1-b9b2-0d4f4c3bc99d','2025-03-02 18:48:58','2025-03-02 18:48:58');
/*!40000 ALTER TABLE `customers` ENABLE KEYS */;
UNLOCK TABLES;

--
-- Table structure for table `daily_expenditures_sum`
--

DROP TABLE IF EXISTS `daily_expenditures_sum`;
/*!40101 SET @saved_cs_client     = @@character_set_client */;
/*!50503 SET character_set_client = utf8mb4 */;
CREATE TABLE `daily_expenditures_sum` (
  `amount` float NOT NULL,
  `entry_date` date NOT NULL,
  `id` varchar(60) NOT NULL,
  `created_at` datetime DEFAULT NULL,
  `updated_at` datetime DEFAULT NULL,
  PRIMARY KEY (`id`),
  UNIQUE KEY `entry_date` (`entry_date`)
) ENGINE=InnoDB DEFAULT CHARSET=utf8mb4 COLLATE=utf8mb4_0900_ai_ci;
/*!40101 SET character_set_client = @saved_cs_client */;

--
-- Dumping data for table `daily_expenditures_sum`
--

LOCK TABLES `daily_expenditures_sum` WRITE;
/*!40000 ALTER TABLE `daily_expenditures_sum` DISABLE KEYS */;
INSERT INTO `daily_expenditures_sum` VALUES (78000,'2025-03-01','013ae570-e2f9-4e6b-b46f-792bc9893a3f','2025-03-01 19:26:50','2025-03-01 19:26:50'),(5600,'2025-03-02','8c1fb608-c519-4dda-b721-611ada8026bd','2025-03-02 07:58:05','2025-03-02 07:58:05');
/*!40000 ALTER TABLE `daily_expenditures_sum` ENABLE KEYS */;
UNLOCK TABLES;

--
-- Table structure for table `daily_sales`
--

DROP TABLE IF EXISTS `daily_sales`;
/*!40101 SET @saved_cs_client     = @@character_set_client */;
/*!50503 SET character_set_client = utf8mb4 */;
CREATE TABLE `daily_sales` (
  `amount` float NOT NULL,
  `entry_date` date NOT NULL,
  `id` varchar(60) NOT NULL,
  `created_at` datetime DEFAULT NULL,
  `updated_at` datetime DEFAULT NULL,
  PRIMARY KEY (`id`),
  UNIQUE KEY `entry_date` (`entry_date`)
) ENGINE=InnoDB DEFAULT CHARSET=utf8mb4 COLLATE=utf8mb4_0900_ai_ci;
/*!40101 SET character_set_client = @saved_cs_client */;

--
-- Dumping data for table `daily_sales`
--

LOCK TABLES `daily_sales` WRITE;
/*!40000 ALTER TABLE `daily_sales` DISABLE KEYS */;
INSERT INTO `daily_sales` VALUES (497700,'2025-03-04','32fc6552-f468-4a15-9e4b-ab895c7cc328','2025-03-04 13:29:12','2025-03-04 13:29:12'),(222000,'2025-03-01','3ee37a4b-844e-4c77-a4b3-86d152c81ce5','2025-03-01 12:32:03','2025-03-01 12:32:03'),(363300,'2025-03-02','dc819ecc-ff5c-48c6-85c9-4d2031f62f9b','2025-03-02 18:13:33','2025-03-02 18:13:33'),(364300,'2025-03-03','f9026dc2-ed3a-4ed7-aa97-69d110883c10','2025-03-03 12:53:19','2025-03-03 12:53:19');
/*!40000 ALTER TABLE `daily_sales` ENABLE KEYS */;
UNLOCK TABLES;

--
-- Table structure for table `drinks`
--

DROP TABLE IF EXISTS `drinks`;
/*!40101 SET @saved_cs_client     = @@character_set_client */;
/*!50503 SET character_set_client = utf8mb4 */;
CREATE TABLE `drinks` (
  `image` blob,
  `image_path` varchar(225) DEFAULT NULL,
  `name` varchar(225) NOT NULL,
  `qty_stock` int NOT NULL,
  `amount` float NOT NULL,
  `id` varchar(60) NOT NULL,
  `created_at` datetime DEFAULT NULL,
  `updated_at` datetime DEFAULT NULL,
  PRIMARY KEY (`id`)
) ENGINE=InnoDB DEFAULT CHARSET=utf8mb4 COLLATE=utf8mb4_0900_ai_ci;
/*!40101 SET character_set_client = @saved_cs_client */;

--
-- Dumping data for table `drinks`
--

LOCK TABLES `drinks` WRITE;
/*!40000 ALTER TABLE `drinks` DISABLE KEYS */;
INSERT INTO `drinks` VALUES (NULL,'/static/images/drink_images/origin_large.jpeg','Origin Bitter Big',7,7000,'05c4ca29-7037-477f-b512-2e1850d732b4','2025-03-01 02:00:26','2025-03-01 02:00:26'),(NULL,'/static/images/drink_images/gold_hill.jpeg','GRAND HILLS',0,8000,'060cc96f-9163-4eaf-8d6d-c62dda599fb4','2025-03-01 02:00:26','2025-03-01 02:00:26'),(NULL,'/static/images/drink_images/gulberg.jpeg','Goldberg',15,1300,'06207553-d0f9-4d1a-8bfb-b95c312e3dfb','2025-03-01 02:00:26','2025-03-01 02:00:26'),(NULL,'/static/images/drink_images/night_train.jpeg','NIGHT TRAIN',3,15000,'07d257e5-1bab-475e-b964-2bc59de71310','2025-03-01 02:00:26','2025-03-01 02:00:26'),(NULL,'/static/images/drink_images/toma_wine.jpeg','Toma Wine',1,7000,'0af21f79-f177-4413-8c03-641f25f5b8cb','2025-03-01 02:00:26','2025-03-01 02:00:26'),(NULL,'/static/images/drink_images/plastic_fanta.jpeg','Plastic Fanta',23,800,'0f89c942-9c7b-4f34-9084-23f9e45069ea','2025-03-01 02:00:26','2025-03-01 02:00:26'),(NULL,'/static/images/drink_images/black_blue.jpeg','Black & Blue',0,9000,'242dd9ba-7de3-4ad3-82fe-aceba4ca1120','2025-03-01 02:00:26','2025-03-01 02:00:26'),(NULL,'/static/images/drink_images/bailey.jpeg','Baileys',1,25000,'24e6b9fe-ce0f-4852-aec1-38bcbcc5905a','2025-03-01 02:00:26','2025-03-01 02:00:26'),(NULL,NULL,'Ocean Beach',3,12000,'2fed1768-a121-4eab-af8d-dc92bc71a199','2025-03-01 12:02:57','2025-03-01 12:02:57'),(NULL,NULL,'Casa Dorada',1,13000,'323ff1b8-c71b-4060-b702-a9cea7e6f08d','2025-03-01 12:02:40','2025-03-01 12:02:40'),(NULL,'/static/images/drink_images/campari-wine.jpeg','Campari',1,18000,'378c074a-8ffd-4099-8fe4-e7da4cc075fb','2025-03-01 02:00:26','2025-03-01 02:00:26'),(NULL,NULL,'St Lauren',1,7500,'3bc94e0e-8ce2-4bd0-a2bf-acc150f350ee','2025-03-01 12:02:08','2025-03-01 12:02:08'),(NULL,'/static/images/drink_images/plastic_pepsi.jpeg','Plastic Pepsi',39,700,'3c303f80-20e0-4f85-b5d1-b9019b3a7a0e','2025-03-01 02:00:26','2025-03-01 02:00:26'),(NULL,'/static/images/drink_images/bullet.jpeg','Black Bullet',33,2500,'3c822ab4-bd70-4883-9be8-6bed9efd841c','2025-03-01 02:00:26','2025-03-01 02:00:26'),(NULL,NULL,'Predator',20,1000,'404e4e8b-2c45-4796-9a79-cb41740479ff','2025-03-01 10:45:47','2025-03-01 10:45:47'),(NULL,'/static/images/drink_images/drostdy_hof.jpeg','Drostdy Hof',2,10000,'405295a3-40aa-4417-ae25-6e9c41a3aaa8','2025-03-01 02:00:26','2025-03-01 02:00:26'),(NULL,'/static/images/drink_images/Jameson_original.jpeg','Jameson Original',2,32000,'42621c91-0e96-4145-a18f-76c2b80d2be2','2025-03-01 02:00:26','2025-03-01 02:00:26'),(NULL,'/static/images/drink_images/hollandia.jpeg','Hollandia',19,3000,'42a296e5-3007-416c-9f8f-9e298d9318b4','2025-03-01 02:00:26','2025-03-01 02:00:26'),(NULL,'/static/images/drink_images/four_cousins.jpeg','Four Cousin',3,12000,'4655f3d4-463c-457d-90fc-7e9c3a7e8a8c','2025-03-01 02:00:26','2025-03-01 02:00:26'),(NULL,'/static/images/drink_images/plastic_coke.jpeg','Plastic Coke',25,800,'47fa717d-d170-4122-9649-129c5a9def9b','2025-03-01 02:00:26','2025-03-01 02:00:26'),(NULL,'/static/images/drink_images/budweiser.jpeg','Budweiser',12,1500,'54e5b3aa-2c2a-4f3a-aede-7af6b0387455','2025-03-01 02:00:26','2025-03-01 02:00:26'),(NULL,'/static/images/drink_images/Scott_hig.jpeg','SCOTTS HIG',1,18000,'55ace78b-11e9-4668-bb9a-0be987662cb6','2025-03-01 02:00:26','2025-03-01 02:00:26'),(NULL,'/static/images/drink_images/mosterenergy.jpg','Monster',21,2000,'566a1cee-957f-4759-99ad-e5e6ca550540','2025-03-01 02:00:26','2025-03-01 02:00:26'),(NULL,NULL,'Smirnoff Ice',14,2000,'5d1b8776-e4b7-42a4-929c-15c8327ad319','2025-03-01 10:48:51','2025-03-01 10:48:51'),(NULL,'/static/images/drink_images/freshyo.jpeg','Fresh Yoghurt',7,1000,'6515121d-91c2-4835-bc34-0d244e5687cb','2025-03-01 02:00:26','2025-03-01 02:00:26'),(NULL,'/static/images/drink_images/origin_small.jpeg','Origin Bitter Small(Pet)',20,2000,'6b85ce7d-062d-4188-b49f-b50617482d7e','2025-03-01 02:00:26','2025-03-01 02:00:26'),(NULL,'/static/images/drink_images/action_bitter.jpg','Action Bitter Big',15,7000,'721cc409-bed3-45ef-aac8-86354f68561a','2025-03-01 02:00:26','2025-03-01 02:00:26'),(NULL,'/static/images/drink_images/hennessy.jpeg','Hennessy VS',1,77000,'7cb94167-b3e5-44ad-927a-ab9eb11d65aa','2025-03-01 02:00:26','2025-03-01 02:00:26'),(NULL,NULL,'Guiness Stout Big',13,2500,'87289088-a70e-451e-a354-2713acfac6e4','2025-03-01 10:51:33','2025-03-01 10:51:33'),(NULL,'/static/images/drink_images/guinnes_stout.jpeg','Guiness Stout Medium',6,2000,'889719b0-bf75-4f1a-976d-ffd113fa6a92','2025-03-01 02:00:26','2025-03-01 02:00:26'),(NULL,'/static/images/drink_images/eva_wine.jpeg','Eva Wine',3,8000,'8ec6b0f6-1f98-4d6f-ab2a-d6607667d343','2025-03-01 02:00:26','2025-03-01 02:00:26'),(NULL,'/static/images/drink_images/trophy.jpeg','Trophy',24,1300,'8f743a6d-7a7a-49b9-9faa-c719dd5398ff','2025-03-01 02:00:26','2025-03-01 02:00:26'),(NULL,'/static/images/drink_images/pure_haven.jpeg','Pure Heaven',0,8000,'92ca3a5a-c465-437c-a4a5-6402cf810589','2025-03-01 02:00:26','2025-03-01 02:00:26'),(NULL,'/static/images/drink_images/smirnoff_vodka.jpeg','SMIRNOFF VODKA',4,10000,'9d769b62-7969-489d-92d6-8e7f18b73dde','2025-03-01 02:00:26','2025-03-01 02:00:26'),(NULL,'/static/images/drink_images/domino_del_rey.jpeg','Domino Del Rey',3,12000,'a54ed21c-ac18-4e4d-8ffd-26b8817ebca4','2025-03-01 02:00:26','2025-03-01 02:00:26'),(NULL,'/static/images/drink_images/jameson_black_barrell.jpeg','Jameson Black Barrell',1,48000,'a5f1957d-3938-4d42-961f-46ab4d8b1496','2025-03-01 02:00:26','2025-03-01 02:00:26'),(NULL,'/static/images/drink_images/action_bitter.jpg','Action Bitter small',4,3500,'a85ed1a5-a413-427b-8dc9-5fed6a1d17b3','2025-03-01 02:00:26','2025-03-01 02:00:26'),(NULL,'/static/images/drink_images/legend.jpeg','Legend Large',26,1500,'ab036b57-2073-4f92-bc9a-e26371a85650','2025-03-01 02:00:26','2025-03-01 02:00:26'),(NULL,'/static/images/drink_images/carlo_rossie.jpeg','Carlo Rossi',2,15000,'b2c60fff-fc59-4734-a14f-93ddda8ea2ee','2025-03-01 02:00:26','2025-03-01 02:00:26'),(NULL,NULL,'Heineken Can',32,1500,'b6b9786c-add7-49b7-a0c7-3be77464dbff','2025-03-01 10:49:13','2025-03-01 10:49:13'),(NULL,'/static/images/drink_images/red_bull.jpeg','Red Bull Big',12,3000,'bd868b75-a2f1-4fc3-98da-902bc04a2409','2025-03-01 02:00:26','2025-03-01 02:00:26'),(NULL,'/static/images/drink_images/fearless.jpeg','Fearless',19,1000,'c1fc9b84-63f8-460a-bdf3-4b2152d398f7','2025-03-01 02:00:26','2025-03-01 02:00:26'),(NULL,NULL,'Plastic 7Up',19,700,'c8eff713-f2b4-4228-a2dc-b008e43dba86','2025-03-01 10:49:37','2025-03-01 10:49:37'),(NULL,'/static/images/drink_images/jack_daniel.jpeg','Jack Daniel',1,25000,'cae94eac-9435-45b0-b94b-47488e6101de','2025-03-01 02:00:26','2025-03-01 02:00:26'),(NULL,'/static/images/drink_images/flirt_vodka.jpeg','Flirt Vodka',0,12000,'cfabc3fb-7ed6-4bc7-ad1e-d5f0af5e3559','2025-03-01 02:00:26','2025-03-01 02:00:26'),(NULL,'/static/images/drink_images/maltina.jpeg','Maltina',19,1000,'d0fa8817-5972-4895-b891-a9a17953b685','2025-03-01 02:00:26','2025-03-01 02:00:26'),(NULL,'/static/images/drink_images/power_horse.jpeg','Power Horse Big',20,3000,'db0f8569-00bf-4eb2-93e4-44cc3cb666bd','2025-03-01 02:00:26','2025-03-01 02:00:26'),(NULL,NULL,'Big Sosa',4,1500,'dd4008e9-5e43-4211-a1fa-91b2d7359526','2025-03-04 18:23:17','2025-03-04 18:23:17'),(NULL,'/static/images/drink_images/jack_williams.jpeg','JACK WILLIAMS',4,10000,'e08054e7-30e8-4aac-b443-ef29045a29fa','2025-03-01 02:00:26','2025-03-01 02:00:26'),(NULL,'/static/images/drink_images/active.jpg','Active / Chi Exotic',10,2500,'e7bf45be-f246-42f5-810e-0c391e0f9012','2025-03-01 02:00:26','2025-03-01 02:00:26'),(NULL,'/static/images/drink_images/andre_rose.jpeg','Andre Rose',4,18000,'e7cc02cd-9251-421c-aa67-f3c8ae09b354','2025-03-01 02:00:26','2025-03-01 02:00:26'),(NULL,NULL,'Veleta',3,7000,'e89c1056-267b-4ef8-80f7-2dd33696efe0','2025-03-01 16:12:39','2025-03-01 16:12:39'),(NULL,'/static/images/drink_images/heinekin.jpeg','Heineken',0,2000,'f61a2b63-d20a-42dd-ad43-cf489a0236a0','2025-03-01 02:00:26','2025-03-01 02:00:26'),(NULL,'/static/images/drink_images/johnie_walker_red_label.jpeg','Red Label',2,23000,'fba78013-21fd-4064-87a1-aeff40027fc8','2025-03-01 02:00:26','2025-03-01 02:00:26'),(NULL,'/static/images/drink_images/cape_more.jpeg','CAPE MORE',2,9000,'fc7d6bb1-4fea-4099-b1e0-4f72235ef4fc','2025-03-01 02:00:26','2025-03-01 02:00:26'),(NULL,'/static/images/drink_images/eva_water.jpeg','Eva Water Small',168,500,'ffa4e89c-3cf6-4e95-9075-f8e6d8563a94','2025-03-01 02:00:26','2025-03-01 02:00:26');
/*!40000 ALTER TABLE `drinks` ENABLE KEYS */;
UNLOCK TABLES;

--
-- Table structure for table `expenditures`
--

DROP TABLE IF EXISTS `expenditures`;
/*!40101 SET @saved_cs_client     = @@character_set_client */;
/*!50503 SET character_set_client = utf8mb4 */;
CREATE TABLE `expenditures` (
  `title` varchar(20) NOT NULL,
  `description` text,
  `amount` float NOT NULL,
  `id` varchar(60) NOT NULL,
  `created_at` datetime DEFAULT NULL,
  `updated_at` datetime DEFAULT NULL,
  PRIMARY KEY (`id`)
) ENGINE=InnoDB DEFAULT CHARSET=utf8mb4 COLLATE=utf8mb4_0900_ai_ci;
/*!40101 SET character_set_client = @saved_cs_client */;

--
-- Dumping data for table `expenditures`
--

LOCK TABLES `expenditures` WRITE;
/*!40000 ALTER TABLE `expenditures` DISABLE KEYS */;
INSERT INTO `expenditures` VALUES ('scotts hills','1pc',11050,'27bcfa0c-7408-488e-beee-0bbfb8b1466b','2025-03-01 19:27:22','2025-03-01 19:27:22'),('small water','10 packs',14500,'28ef3804-7f8b-4a32-959b-a7bad2f106d6','2025-03-01 19:28:59','2025-03-01 19:28:59'),('veleta','3pcs',8250,'29349045-21e2-4af2-8328-ee1c9f1ffeeb','2025-03-01 19:27:51','2025-03-01 19:27:51'),('toothbrush','3 packs',5600,'2e062a25-24e4-48a2-bcb1-b05efccdeb08','2025-03-02 07:58:05','2025-03-02 07:58:05'),('andre','4pcs',44200,'5ded89be-a233-45fe-9172-0054c8d2ad45','2025-03-01 19:26:50','2025-03-01 19:26:50');
/*!40000 ALTER TABLE `expenditures` ENABLE KEYS */;
UNLOCK TABLES;

--
-- Table structure for table `foods`
--

DROP TABLE IF EXISTS `foods`;
/*!40101 SET @saved_cs_client     = @@character_set_client */;
/*!50503 SET character_set_client = utf8mb4 */;
CREATE TABLE `foods` (
  `image` blob,
  `image_path` varchar(225) DEFAULT NULL,
  `name` varchar(60) NOT NULL,
  `qty_stock` int NOT NULL,
  `is_available` tinyint(1) DEFAULT NULL,
  `amount` float NOT NULL,
  `id` varchar(60) NOT NULL,
  `created_at` datetime DEFAULT NULL,
  `updated_at` datetime DEFAULT NULL,
  PRIMARY KEY (`id`)
) ENGINE=InnoDB DEFAULT CHARSET=utf8mb4 COLLATE=utf8mb4_0900_ai_ci;
/*!40101 SET character_set_client = @saved_cs_client */;

--
-- Dumping data for table `foods`
--

LOCK TABLES `foods` WRITE;
/*!40000 ALTER TABLE `foods` DISABLE KEYS */;
INSERT INTO `foods` VALUES (NULL,NULL,'Rice',83,1,3000,'2abbf445-68b4-42e8-bab0-c8f306d77e45','2025-03-01 01:14:44','2025-03-01 01:14:44'),(NULL,NULL,'Plaintain',0,1,1000,'409d2268-06c1-419c-928e-704419e5ee08','2025-03-01 01:14:44','2025-03-01 01:14:44'),(NULL,NULL,'Beef',3,1,2500,'47cae8df-ffcd-434f-b066-0a4bec7c778f','2025-03-01 01:14:44','2025-03-01 01:14:44'),(NULL,NULL,'Chicken',11,1,3000,'48022dcf-d789-49f0-be21-21cfa978bdd7','2025-03-01 01:14:44','2025-03-01 01:14:44'),(NULL,NULL,'Asun',0,1,2500,'4cc70f37-aa4a-4bc8-a47f-824194f93260','2025-03-01 01:14:44','2025-03-01 01:14:44'),(NULL,NULL,'Peppered Beef',5,1,2500,'5d00be09-3327-4ae8-841d-35b991517ab8','2025-03-01 01:14:44','2025-03-01 01:14:44'),(NULL,NULL,'Sardine',0,1,2500,'64f1ee42-38a5-45d3-a413-48fd884ea4c4','2025-03-01 01:14:44','2025-03-01 01:14:44'),(NULL,NULL,'Noodles',7,1,1000,'77f12be3-7651-4229-84c2-3349ffc73cd9','2025-03-01 01:14:44','2025-03-01 01:14:44'),(NULL,NULL,'Catfish Pepper soup (Head)',0,1,3500,'7fec876d-217c-4c91-8883-8158090bd820','2025-03-01 01:14:44','2025-03-01 01:14:44'),(NULL,NULL,'Egg',4,1,750,'9120d9ae-8951-4d52-95b8-8fd7a632356d','2025-03-01 01:14:44','2025-03-01 01:14:44'),(NULL,NULL,'Fish',0,1,3000,'b02b0cbd-7938-4d80-8fde-a80b2f9745a3','2025-03-01 01:14:44','2025-03-01 01:14:44'),(NULL,NULL,'Poundo ',4,1,3000,'d429cea6-5b7e-46e5-bfc5-0d295c18f9bd','2025-03-01 01:14:44','2025-03-01 01:14:44'),(NULL,NULL,'Swallow',0,1,3000,'d92c5baf-ee07-4bf3-9c16-e80815704382','2025-03-01 01:14:44','2025-03-01 01:14:44'),(NULL,NULL,'Semo',3,1,3000,'de6e63bf-2b19-4dfb-bf89-02dfca8d1f70','2025-03-01 01:14:44','2025-03-01 01:14:44'),(NULL,NULL,'Catfish Pepper soup (Middle/tail)',2,1,2500,'e3b87e25-4893-4781-90d8-b70afb343d05','2025-03-01 01:14:44','2025-03-01 01:14:44'),(NULL,NULL,'Yam',0,1,3500,'ece06d38-e7c6-4c97-8a5a-0a1f033d99ed','2025-03-01 01:14:44','2025-03-01 01:14:44'),(NULL,NULL,'Peppered chicken',0,1,3500,'fed79cbc-7153-4c2b-b9de-ba00f3059bec','2025-03-01 01:14:44','2025-03-01 01:14:44');
/*!40000 ALTER TABLE `foods` ENABLE KEYS */;
UNLOCK TABLES;

--
-- Table structure for table `games`
--

DROP TABLE IF EXISTS `games`;
/*!40101 SET @saved_cs_client     = @@character_set_client */;
/*!50503 SET character_set_client = utf8mb4 */;
CREATE TABLE `games` (
  `image` blob,
  `name` varchar(60) NOT NULL,
  `amount` float NOT NULL,
  `id` varchar(60) NOT NULL,
  `created_at` datetime DEFAULT NULL,
  `updated_at` datetime DEFAULT NULL,
  PRIMARY KEY (`id`)
) ENGINE=InnoDB DEFAULT CHARSET=utf8mb4 COLLATE=utf8mb4_0900_ai_ci;
/*!40101 SET character_set_client = @saved_cs_client */;

--
-- Dumping data for table `games`
--

LOCK TABLES `games` WRITE;
/*!40000 ALTER TABLE `games` DISABLE KEYS */;
INSERT INTO `games` VALUES (_binary 'RIFF\0\0WEBPVP8 \0\0P*\0\>I$E%$(\		gmĨ\\~\O\;ÑΆDf\t\\\\TWx\\9\'c;-\N\{\\YL\\=\q\[\W\;ߑ>.\\G\\\_?\)U\\\\\\\\\\\s\\\\\\\\ױ/\ޥ\?\\\R\y\\\E\\Wg\_\r|\4\\{\"[>]\Ėg\\"\3\\)\\?\\Y\9\\\\+\\\\0/B(ZgV_\\Aկ\qPuk\TZgV_\l\Z\'\nL\ϱR\l\rN|_+\Xa	\k;[\c\c\Z\\n\\B;k\~Zp\\\\g\=)3\r\\\\\B/\Q\C\\&h\\\\upc$\0O/\\\\̇S%<CW[4\h;\_^s =\<hj£\Y>1\Qh:\\nc_k0\\fd\4pMM\(V(+6XW v\n#\\\r\L\":\&?gV_\˴\\q@\\\\@5w\\W;)P\.d<Vu\\G)lBL\dK2\"Dv\\XZ>?\)\Yyȭǵ24\qC~!m\\!Ӭ0s^MD\n9H\ITK\uk\R%\)jq>p\i9\Z2B~pL\`(}\9\A\v&\3tQ\\p\ \\\'+y;ƛ\g\g`}H\\\J+\ci\\\l#9(~FV\\o׷\9\/\\'\6\\<=֙\Z[\\!r)\uw\\\;R\sTYbMB\)\\\Z\DCo?摑E&t_O.\'5wm\לp\jh\M|1\Eq\n\wz8\\y6/|8\"\L\Q4y2\nY}\" w\\ޭ\ڥ\j	i	\'*\N\h-\߁\Pa\ntA	/6+\l|\{Ykpaҁ.q\C\T\ry\rP+\EN]\\O\?*XS\\~T)xX$ب`r:\"\\V\Rp3\\'\A\Z\\^kz_\W\Z;\0\nq\s\\\eG d2>Y!qq\\we;\\0\]ѷb@\S\ڷ\\ZI³5\\?\J\S\\\M}+,\4\xAp\'\n\\ =5\Fi@,\'Ι\Sh۾Bv\\T\c@Dv\T\}\n逺e\ŷ|\G-2\4\r0\DD@\r\;\07\^8eeQri=(T9Ly\"9Q\0A짰\	\\\J#s\\\ZP\˷\w\\ip\\0R\\?e0+;+6iH!-\iiv8YBIC߮\@#/~۝WpM\̒\{cWDN\in\L_*JfN@D\'Z\)$I, z\l\\Ze>3#5\!O$\!\^`/o,\"yx\r\\(Y\h.\ܐ{T\%CeKu/	\~\wN=+\\\5\\\?CkSAgNL\]_RM\\e\\<\hK@9\kf\\`헵YWR\\\otkr?\I޷\HEFgtϋuQ\\j\gr8+\Z\+Gy\>UM嬕\(\kdE\{\96\"\\N\b\r!4כ\D\"-GC\7S\\/Q?ęS4\\O\\om\`@?~\v\\'\seb0uvaz(\\\n\\hmAWD!)-\\&컷\¯o-hI\0VP:\\\3/\0my\l)\'!z1	ۏ\.H@!^ĎֳP.w\K\3vUK {.G7\u\MECau|=\mo\\UCϿO疯\01=u\f;6X\\\v!l\\(ӪxV$w&\0@\Z1\\sG\T; Nv}\\\xN\ɀ5\p,dQu8\c#S\\=\\bGvj\ő\1\nqp\0\^:$膲\\\-\B\~~_\\Rp\%J\\x%	σÀ\Ʊ\h9m \N3@\0\ld\"VtOs\4\K\5Y\?F\dUE\E^\\]mNV\r_tĄԆxo2\0,)A:)=6\Z\V\E\\\\\l	\K\GYK\\\\\\\&(2\֒sd_E_\\\ZD\"(\%4E\O\V\\8\3iK\%\\rX\+ut\\֛t\frF\<~Gi$N,`E<ʴ\_\_\T?i\0&5J\o\\87l\4Ӎ\J$Լ\\\B!E\\0jO\ɏ$tXݴ\\\{]\eT*\VaJ&m\ݗűc\UvSu\\!\2`n7K[\\\\Z\Uͳ\\(!շ\3>\_\n\UZ1/%cazL\fv쬹\Hb^*؍<L\xs\D\rw\\_-ҳwS.`L\hc<\\\\F}\=Y\\\è>\.D\]\i\i%o	Ie\]\5\͵O鼧rv!w\v>b\g\n9o;t_fA3\^\rE\_YR\Cv\c¥32PaNƪ\\\e\|@#\\\O/\O5\\?\*]\XS{?\rmʚp\oU\S\|F\Z\'V|1\?\\\F%ؓu/\ͩitD\[\X\\b_K0\\n~tQS\',F~\\6ƃ\Q|kr%\a၁}U2\1%?\\Nl]Œ\g\f뭢m\vF\E~t\\rc{\@F\0ސ#ܡjV\>\л5\\Z\3@m\5y֔w\467D\!uыyr\زz@	ˋGe\\\H1\\"99Ќ΂H\\\lԟ˧wQ\+9eY\(tײ\։\CR\h\ĴB^\M33\WD\\\~P\\\nFQ\-\\h꟔\ëRd;^`\q|%\.;\X3\hdo\\P\ё,B\kިYs=nIK\"j\Cjx\R$H\G|MS:\alUl頩\7rVu\\=\\IΤO\\h\ɯZ&EM,\~dT\\Z\߆\\\\q\\d38H/\\\|Xܤi\3Og\un\JQ|\mPɐ\\9bb2\xCQYc#\mS[X\Iv(ً\\nxB[=H-\JR5s1h/\m\'@~8V\0X,4zmդ\\\@㵳\\A\\Z;\\`\(z\\oҢUo\*\0\r\\ttd*\Zv#%={㞈\Mp.?-\\q\ݲj\9\\w+\\\\0TQm\\v\b6c\\#TY\\CY\/yl00Q؞HjCs?\\\ZŜ\\0\Z{*w*_Rze0h,\7U#CЅ} \\YF\\,޸m\_\\\Sha}\\z<_R]=p)k\6#-0ntpvv\h]-u\Abzeudl\oQrӎk1\\\C[MJ\\0#ėA\h!%ua&\S@\+FˁMv%z\EL%	\k\\{G2j6\\IK\8o;R8l\Ÿ\\0\c\&\f=T\n\\P\1Q\Q\jSII\\\ڍ֐xӚwT WGA\"\\8 tڑww<Ek,[\+\qRwh\\`w\(yEbx~8\\I@jg\\q؇\Ah\+˚&v>3RԌpm^%gJZ	\\1\6)\\j\֒ {8FW\S	;\\'0˛QV\T\\nӐs^}^[L\5د,-5O\\#DϟE\T.CM\ >h@U?,1\\D\h\n\r\(Q\\\ٜ\r?L!\\ף6\t\-O4Ԏ\\z\\00\\Dj{7\,W+\%{\\q.\Z\Qhbv\5G#\B\Ҫ\#O\\4p۱_\o5\\pkɽ\R\\\O\858\\hP!NHA{z\\xS\\	2%. >vN&Gy>pk(\جndMH\\W\3\\\\ձ\Fл$3vV\lMf\G\p-\\R\E\\\\CU[1\:,Om\CN\\f+A\0\\\Z\$0\&a:v\}\Z\\\p\/E\׋gl\^\v\\jQ)G/х@17\$cK\pTAYoh<5X?Oay\\z9\\2\?\\́][	ů4\0\'\\0-Y\\X\\㔀\L*\\0Θ[Lq\0\E:\YgqUm\09LC\\\u\o\U\_\\\\S)k:\ȅY1\\\1	o/#wӀ\\\\\\\$4\\\J\WL=Tԝ%\2\\K,ޢ\"9\\\)\\c\\"l\\6\npv\\p\VmŠ|\\1BS^:=bu]g\\;\e\0\\k^ܪ\\~\rG\\$\ S3\t\\XӐHڻڑgx\a0ى\\"yh7\\\^\\4=B>p7\0J:\_Y\ѵ\>c\0)\[r\-(\J$z\ʌ[\ꖊ\rCt\rc\7\z\V;\k\X4)\rݝ\"\.M)x\«x\*}M#\B\\9%Qo:_\\\\n=dVB:I\4qqا\`\\\Άߛh\\L\&\\'V\\0\aH\0\%Syq\.IFy	S\\\-|)\\\ja0f\j\Z\/\\n\nee}O_͈\(v\\~\\Z\\]+Dtzr ݭd\}UhFK\#?ʱ\\Y8\\R\\\D8^}	tR\\nw+5\ry}~o\0\rs\\Z\\QU#!j\J/\"\\t>豳t,\'F\0l6\\r?Gwk\\\GR\+Y\#L\:o\&m9Xx=W\\"4񬁆3\<qPa8x$\Y\0\#Rb\;)\N\\\\\Fq\\g\hT?8_ɖbja\0L\l\E2e\rJQ%X\\\J\_\H\Zg\9\wf\\br\dݸ\p\؋&tD73ԳTLq\\\愺!!\۪)h\n\r6\\s\yN=\A\M-A=/\d\>\4F\nP5Q}14\LQj\T2\\W\\[<\\L5U\\[\#!w\7\~0U\\\ȇ\\\\]3zr>\\|lgI)\⼠\1\Xt\TPr\ּ Ο\B8\h\\\/&O\ډ\=2_ٴH\\ͧga%ϦS\\rEB5(\c`<\\i]#=\GM\0\_z󚆭*Kܺ\0\[shs+ү\\\0+\"6\W%m\~S\qQ\ ʣ\Eǻ\Hj\\pf\,*Nh853tI\#\ߓ;*j\\\0ZF\\S\r|	Ylk\bt\vJ\\\B.\r:&\?ʋ\\}0@lGŽ\\\'Ig\\\wV\\0˜ΠãW\"\\Af{{vF\\\0b$!_\\{Y	\\!V߅\0˲E\M\\!ݍR=\\[YZ[\\7@\>\>pWvE`A\\@m\\͉s\?\O \ėȣ	9u\Uvۡ\\V@I\@\c-\f1\Pk?\f\\Vv\$\L\blh,\w@Z&gq\\sD|]̋\\{C7\呋\v\'uT\\h]G姲\n%l@\Qh7^M\\\^XĐ@%\\|疿>fyc\ڨ5\&yx7(2bl\\\\!\\\'<W\[W]\z\1xPLE\\6$\c P\ʛ\>\\\$j_kBoIs\\\q	\Q\3f\Ze?\܌t\q\(uf\\r\+V\\<\\\]\X\B^\\\g(h\H\\\.K\FGS+\Q#z8\c^^\\gIZK\"J\Y!VM\\,\\H\\\\%x\|Ci#̕\3BSٹ\\rjZn\c\\\\j5ֶ$\\\\\k\\9\"ȁQe|\//(45\\F}\/g\\\x>\ŽV\r}\Z{l\\k \Z#_\\\'Ր\w}ZZv\ nW{\r\r\.֊\mrgS6\\B\צ\	g\r\JX/c\0Z\N\\rb\\+$ǳz{ԙH\\=l\l&:\\AV\"d@\Z*H\6\\d\=X\\Bc4\\\\AEj\<ai\y\&1q\>\\%X\\}w\\B%U~9*\\ߥY\Z\Z;4\F5&%zf\:zgF_ƨ>jP슘\\{IB\\2\\)\\s\7\ćXPr\Ӆ\+F%\\=\a\e\\-Xv\a\\X Aʐ\\\\fil?Q4%\?8\,\\\7R\g\[μeәWZV_\Oc\\Z\=9CA\r\88\\\\\jDqJ|\;֎\\B^%9\f\2*G\\W4*\0\\R?T[v$cO!\gI\w/\'Tk(߈\uS\Eh\Z|KS\̧L\xj|4d\/bU>_\\\<JZ\o}\?\ZL\\(՘{\\9p!\DY3cs|EI֣\'\`\^H\ZJ|\Z=%dD\\k\35m M\m\"s%\\{\".?3hhB~ȒQ\Z\0\z\'C?Y\ד\0\0\0\0\0\'\\0\0\0\0\0\0\0\0\0\0\0\0\0\0\0\0\0\0\0i6\+Ơ\ߧ\0\0\0\0\0\u\=\\\0\0\0\0\0\0;\0V$Ԏ\CNqwl\'	\\O%,gůŘКm\!>c\;\Hs<\%\7\z;\%o.8\0ʸ@CO(*\\jDp1ȄK+SZMwM\r#ecs| \\I\rA2\3lm\?\n\\\[C\\0\/!Ar\0ݚݚ\05f@\0\0\0\0\0\0\0V\\g{ܯ[\.\[\\\n\;\\U\؀m8\\[O>-ҵ:f\\ZQ+>/\iD\\'>\Fէ\O nZJ-\Q;85p\E\Z\r\/\x{\I&\¨&\8\n\\OJcly1\^w؟k\1r	a\}׸O1$\\P\/p&\\r\"\DSf\0\<jxi\uJf\\\pF^.\0I\A\ȯ/}\U)\0\0\0\0\0/B\b\-E|\r)i\~Z~\~Kzw^\q\\\'hC\E\\\[>\[W\\	*Y\~\\e[y1^\hT@\'m\5~|BE/\ly\\-\S\'\\\\Ap3$`j읡)A\\r޿B&!\D\\AU\'\9I8\YјUـvnorxԶP\"\U햵(\~\I\\\\\mW\Nv\1ؓgk\\n旘wͳ\"?[ _\0\0\0`(	b]6@\\05#,uV\|n\\ \fU\BD6\ Tqȑ0\jя(Y\\!\'o\\\)2\U&\\r\k{5\-m35\`]}n\lم\\\ǫ\\\\Um\\rj\3\\Jcϕf\r\\\\ZX\3%\\<?)US幕u@M\\\=Az2\f\0.t9\\0\0\0\0\0\0\0\0\0\0\0\0+%\ZU,\\*\9\J\n\\H\0\\蘠^\\~\d\ݟ\}j(TJ\)\\t\`\l2\0\՚7\A(\\o\;;mk\I(h zgky\'mx\ׁ|Һ\\ç\i8ō\!m,5Xmt\\\iuOxE&q|;\*Mse;H-I\0\07AW\\\\/x\cn\~F~\\\T\\>\\'h\'<Ys/CP\=>3\m\ZFG볷~\hL@eMLzFَ\\M)Pl\+M\6<H\Յa\4\\z\}j\-\g\ز*4o3\\>:r2_)<x\ ]w\&{ډ-m\&O>cq:\Z.\^B\\\JQnBkC/\\\0\0\0\0\0\0[9`\(\\\*\P\sw\\3\T\+74\fXͽ\x\=\d(\Z\#7\eG\\e\oEJ/\0sUF80\l-vsY,\b!.[\$ t_N\XN.k\7*\o\Y2ֺ?A\(\)\+%\\2\\\\|Ŗ\Tn)\6FS	\4\1?%\ɾ\k?^p\\'퍃?a\\A4((,\,6\aoK6`X܌8\E\5l\7l~Y\zx%<\Z\1o\(V^\\CO\G/%27]/\dx|Q\iiZNȌl\\hwK?HP	+\r\X\\'E~%ýlQ~ф\0\0\0\0hS[Bw\wt25w\x\\n5\>Mlc!q섮5\ΑދtP\M&jm*vc\',:F\\B\ȿ\\X}/v\cĴH\\!5P\P\\\\\lV\R\H\|\!\?	\:J\-\\9bM3\ڀ\r\`~mu,\\U\nM\Z}f\МdU,\\\n\0\7\d\\0+ \0\,~-T\h5/JvG\C\=z6\LkiT_\\\6iv\rV\G덏.=\\Ha\0YobeP#\\W\n^\\o5d\	\h\Z\!a;̪\)0m\^YXB\\\\dF\T\7v\bl\WQ^@\ڙ\9\y\t\r\\5i\JiЀ@!ܵDBP\-x\O\TJU?\<+\\\r֏U[!\w\q\\ ;~\[Z\"\GQ6pjj\\h\XZ,8\^C\\#PM~\\/a}j\\|!EךO_\2\\|_epG6\ʈs޴P\s9e\\"1a`\'ToC\of\\\)+8V\\\3:2\\C@\0\0I˽{\\9f.w\թ\W\\\>/\Fz	^5j;\pʢLBq\<Q\\4O\Z\#Jy(EdFTv*\r\Z}3\WMAӵX\\&\No\ՉZ\\c\\pj?Z嫆\\frd\D]G5\\@Iн\2\ݧ\#(!>|0%\a\d`\0\0\0\0\)n$\kt_Ҙ\iX\ƂGV\\:d\{Pc\Z`ыC8|lm\#ߛ\yr\!\\\;i@\\\.ޕL7a\\bjh4\\Uڍ\\z\\9C0iQ\\\rrc<\l=.\I1:EWv\Ip\n\rCMj\	V\	8\\uS~Ekזe\\\ռK C_pDL\\>B\jy\\\Bk+1Lu\0`\3Di|Ra\Z\?\τ=A@\[\\"Іk\l\(\\s(o,@-\\\+n\\n\\_\K\l\i)~=\kdQ\R\\/f(\w@\+K\\nW@\\έ\\s&\Z\/\0\PmB\0UW\@\\Z5\.e\\]]<\vӂA*8*\0\"AU\Wr}()UFoC\\\"3+=\>Q\Fkj\Z\߆uK\"Pn\=\ȻqK\(8\[GK\rmO\"m-adm\\kN6j-\>+)#\-A=\`H֎\RA6_#\\\U;0\\ӈؔ\U#]{\\\șs\ZN&<\\P<Ȥ\&? :)0\c\@\.GO\h6oi\zׇǕp\\k\}(.~\qf\oȕ\R5üD\Y\CZ\6T\d8Qٴ\0o\\\X9Q\\'\OJ\"\Ƿ\AA\DX1g̿\\\n4q$a\\ 7{K5ט\\>{b!l[\\x\|\ySW=s&\\\gr3`泩)\nB\c\o\'\c\\n6]4,>\\CR6I\;\\d\F\ظ9z\r}I\Z\r\\3}*\0ŗK\n$i\n=^a\\^5\2\Lf\"\\\Ă	\\\)Ut\\d\H\\17\]\.\'#﬇9*;=Va~\\rC>=W6\}\q:\\(ѥ[mWk]N\gɶ*Z\^\\\0\0\0\zuSэ\[Z&i\\\\LaX ʨ,zh,\\\aeD\"|\%\i\\WI=WS,\4\\FЦ,!\]+oNҬ툡LjO\\*s\&\G,NU|\^\\"7\]Nv\\Z\ۣ.X-\$	sxHG\'\nٟm\\rC\\FVRc \_Upfc \Kf\\r!4n\\U\B$\\'QF\q\097\=\\xCsY\E֨>\\Qm$Ȭ\3$7\\\\0\|\\@ i\\\qC\\	ǔ`v@y\|\rH\no\n 5@\zQP\'\q\\\\#\\G\}4\ce\o;TB 2\"Ǐ\\"ln\\\g=\$d_SVĚ\\IL\ifx&ߨ (\\1HQW\Y8x˟ū\\$˱:.\e\D\0))jK?n\23\'\Z\0\m|Za\\׫\'\,\\B\G_\{!\ɃF\\3d7\\0qb*\`\|\`\Q\\u@f{&\&ռ\\\0.H-&l\\m\=\0&:\\D\ІVfF-\6\	t+r\3R)	\#:i\'\1h\~4ڃL/֖襎i\v\IOϓzQU-d5,S^(_^@\\K\iS]uǛ%OYr<\3|k`\p\\\f\\\0֩\cyX\\5\'sG\-7G\\?Nq\\M,1_G!ƈ\r\\\\\Lr\a\l\\nP\\\"\\෷K\GB\\0rzMs25϶Q\.\CN7ruG\\\yF\z\STx~\Oޏf\<\n\\gD1&\t\$66N7\K\E\\(\|%!\?\8_\w\~o\v\摦)\0P6c13WB\nd͐p;\\4W\d;\r+X\k9\Zz\\0.X@x}gY\nݜ}IKӞ>\\J\\)\-`r\\\Ԋ\\x!1\\@\Q\\\\%\\\hJ{i\ߐmۙ\B\{ 6oB1Bޢ\\4Ȕ\\\G\o\Z\*u\h ;k0EL\l蒥<`Ԁ]_p/\=Ys\0\0\0\0[\q\\\K	GR\=}&\\Crf\\D\Rɵ0͹l\Y\\Ko+ǩ\0%f9\\v\ڌ\\\J}\֧\CZɠt?L\\/\%W\_?۳\Sly_z=\nr\n`3\\DwХ|=\r/;4vږ%\\򶇯E\n\Z\*o6M`Kry߈\a\\\ge\t\c\\l\G7\>ʘͥ_\\3kuuB\P\\ǲ S^Z\\\\}\"J\\F=\I1\"_`]\!O\\\nc\h\Ea\d\rk=Nl\\68\X-ž\\\^\KU.c\LDleb\\i2v0+iȥ&(\H\\Z|\^\ƽaBUOrR~=\ȿ<Dq*bE_\o\Kq\A1\:\\(\72ˇ}\7\L8dE,\\\m\\9be\=X\'\'\\i\n\\\\2,MB\62\'rx/\n>i9\ˍ\\ўE\\\%\Zr	(j~|?2PV\r0!(p\\\v\w\\ E\0(\njRymЖ0sθe\gӛz\\'9kAD/\:r\I\\~8ŊsLL\\0\M\\de\'0|\iK\H{Ex\|n\|+=>\\Z]ny{r\}T!ͼy\0?ٱ6\W\&ȴ\r\ᅀp#\'\\|ώbf76	(!댢\0(04\͙sD\\}c kQf(R\+Ҵ\cgzhmo\r\Uj,\VP\QB!v[`(\:\q{3\\6Q\Wܓ誗C~1ymC`	rKX0I\0eE3)\0\5(\P4MQ\-dkϓ\\^!\\\o\+*\f\>fx\@\Өf,\\0\\j`\5J`h\w!E.\vs}ֈ\o\\"}\mn7~	 o\n|5\\̮\\/\r\]\\'\*	QhWGZU2s\rl^\4\\.r\\þ@#(\8-S)Jm\\F$\\N\:\\\0iU\\\<\\T.\N[wj\\Z?\NB\\s\\LzGTJ\?hH3S\8z\'\x\>/\\֑\0q#7r4;wZkl\j\Z%z	\*\yJ.uX\\\4`g\\'\Z\m4\׀k՜#I\`\0k\\\\W`yg}/d\\\r\}m$#\n§\\.\'ѱAAu)\_ʅ%xŚ I\@ͩ|\\xK4b7\\\@a}\Z\r@歞\n\\\T|z̔3=sDKW\L<pWˠ\(\5\@h,7@]\Ax}\	>;\\$@\o-Titv/+\r\.&\bƈ\ QFm*\F\\nO\VA[N\A&,Rq\\2\\08ʞ-\򚀡)\vf\t*\\i,N\\[\\Z\'M6Y\B\\\ʫ,41(\0\nc\0	{&)J++!\z!J\cZ,\5<Sը]\X\Y\4qv\\'/\IPYrqn6-n>j0ng\\k\d(r*\S@\r\c\\\\"L\ѪT\\\[\k+$/c9\\"$\0dm^\h<)\D}^%\޴\$AB\VwŨQli疣tXmҢ<bz\yqse\Gh\#\f\\noUXR`\Tw0Q\\	\5\W7\n\\Z\\\Bdb{\\\\%$9\KU]\\6jf\\\)̤\\\\\\v\yߙ\n\ZXaM0u\\Q\<\nXN\ȿP8\:ێh\76*Gok\,\\\\\Nx\\+emYsh\ڌM_\t\\ß!&d%\e,a\\)g\\ɢV񩙔83mIi>\\\\5G׹V\\\6t%\3\)ڍ\'v\\BEۓɁM\*G`?ݳg\>n;ϊ\\4\\'\\\ ԛv(2%\[\?b}\<d\\g\U\s\E՛4\\^\1hW|L\+VȺNy\Uʪ\xٲ$h\uX\Gns\v{ipH:\-uE\bqo\eM4\t٨\Ez\\AZLWT\_r>{~\u)\r\_x\\o\"2\sog]U#5`AH\ހ_Zi\;[N~\`g\0\0\͛rOwZ5\e5гE \&\t{fB+\\uy\\$Ԋ&%IUk(\\\o\\\=Wqq\\\\\\}\\\\;?`\8Nc\]x\Z\r@U&?R׶X\4F0/я,	/\hы\5vXZ,㈋\(yv fr> <\ruռSK%t%yVK:1];Gnwg\\S\\"Ă\g_*ۗ\\/;}!\38kl\iVB6%\0\0T}\'J	h !s\OL~F&ђ\BR~I\J1yŰ3A^\\Z\0I\g\\y/M}7cYw`p\e q]8ʠ^Z9θ7Q@e\Z[2\c5=\ٻ]e\t\(W?$Ur\,oD\=H\\\:>\U܃\a6|QڈH\\0y|u\m^M`\CI?0f=1i_J3KC1T\$ş\nc\c8:\"j̵^\\V\=\'!IE[E	%Mәe\7ϫ[IJ\\0\2\HB\G\GfQ3\rCݫ$\\G;D\\n\\"n&\r7]\\'zw~2\\ND݆\\\-Xl\'fP\T&+\K[{%a=\\ls7!DY\reT\ʄ\Saͅя8~*|h\$,4\rNv\\0s\0nw $cGi8\0M2\iQcu\\&e\~/\@n=\"D5!4q\=\G\\\"\0!<\\\|!⚐DT\Z\9 fF5\Dn\\qA[fxN1a\ӲxUQ\|2\\I㷐\\_>Ӄ.,^Ĭ\Q\d\\\Z\\Z+a?\]Y\_U(3M\\~-sIY^s\\0\\`\@|\TW\.yU|GkyhCe\ݚ\K\\Px1A37\,\n\r.\ZC@0\W\\_b4\<\\\\9o\Zºhfx\.wrX\[p\)\|T\C\΃\B\)\Z\]\z\\y\\\iZ+Dv\\_\0\P\\$dHu\Z\\t{тS\\C^\Lqa\j\d\"X\d{l=\\Z\W7MT\SP\\"\\*\(zxZ\\&Gvp>QqMw\0\\)p\0\\S8Y.ˌV\\YEf\Bby\J\\\\\<\,y*v\Z8d&\\	\\\\c5S\v-Tczlʶ\\\n/\qZkfsn\\>\\~%\0\Z/\\0\\|笃V*\r\\z\\S\\\z\.\Ct\r\ѐ_{,b\\$NV7Aa#\j>pn=m\\\\\'}\:\\S[\\ \(#HFP\D=\-\f#R\e\G-G(\\X\\FqA`o\g\sӃeL\0.\y\\\\!<\'S\#T]\_\\·	3T\\\G)Y\&>\Iz{	`\\\?`\g\\?i]T[٫\nZuM\P\\Ra\\-\{h|\E\\\};-\Bh?Ёd2 aplge\\\\\o\3W[\Ed\\c8~2\0-\ם\T\~/\j\r\ˊS\\\*\\\\\P\G(GVr\*\3.h\]\\jRK\NΊb\\'\\sݠAﰮ\r\\;\\TPFM^X{=!57S/\P%\\y\\l\\~Ha\+d\\uij\Bye\yAszFcF\\\t\$?=y9a5ia/QM\\\\r\3\aX\\\\0\H|\=URJ0fdEj\-\2\\'\\0;pN\k\\\_}b\\߼1\N@1\ךtJV\+`B\/Ӕ&ޖR2\g߈R\<IS(Ni\δ(YHQ&\^]\\&\\\r\|:Z\c\)\vn\\-Q\[\MFtaPsl\c\yQQf\^e\Z>A\]\X\\SpY\WBq\\7p83S8ɖ\vݽY೵\B6؈U\p[\&@ǜ\\\v{\\ٙ֫d?xG4q }\\S\SٚBb5Byp\\\5\0sn\\[_&\F6,wI \r\\.\ڏ۹\*\\7|_	ξ\0-Q\\\\ ;(0I\u5\2*\Xy\Ъ\K\t\\sG\c{mFI5\Z\\6A\%\@=\Krt\\'9cV\R\+_J~۷\5(\\ީu\A6{V\Q`B\jb\\\(Q+αBWP\ť\\h.\6vlyŪ8\'\\4\b4\'ClS$y2f(\j\D~\\^O_K\\0XS$G䵀Re\\*r (e\\\rXL\!L\sg\פ\\Z\\c\K\\PrC*o\*\\9\0k0F+\se\"־\\o\'\\7\ۜ=9끝穙ֹ\\6P\45S\RjĞW\\Zr\\fA+}\\$U7 ĢF1l\<\'\\D\\d\\Wa_6\Zf_\\\r\<qx\M8\ɯE\Ʊ\\5Y_\n*\l hn\!h0\\Iz\}mWo\rC*:pJVN3XV`\Z[/}o]\ړ\\(\a\Lʎ\=FL2#\Ƚ\n\c\\N\mf2\\Z\s4d4J}6ށ\v\\*֖ɝ\\bҜ\\ȑ86`Ԯ\\\ZA;)/7\" N\\\\6Y\]>!!3*5%n-W\I%\O`\\\x\\\\\-O~<!h/z@f>%\K{U>d#CskI\J\v\\\1ڇ\bQGgh\ɢ2\ntW	-\\?\=7\ű\Z\gM\'~\d\\_ؾq\Z)\\'^\n,Dxdn\Be29m\\\\"lS\=`\G	Z4ɯl\q\h5vC\\\g\=L-\\{	oFv\\|\.?\nBo.\ȉc\\\UU?rĽ0?+\>\~FX\\\{+\/\\K{ȇ93\)R*a#\8*\n	Y\jsA2<NB\\\s\Z=tX\AmI\e\\++\/\NnS<\ui\\Idf{K>鏅Jir\\J3-\\\\-\4\o\f;\\7ܱgl\h\uO\zer\P\\\ħ\13˙dwJ\\?\\\1>ySgިͤ\B\Et?RA\\J86\p>\4U<\p#\	EC\\Y\Wd\\h\?\n\\\\\Z\\\\mU\\"H\njDj\n@gǌ\\"k17+rvJRS\\\\8\\Z-\\\2BK\\\CZtTl,s\,\\E\A#Ӣ~e	\r\Wd\(\\m\=dpSѴ	!o)\b_IJI̐\?\q\0#o.T\saFV\dNT\:\\q\\\7/.\]+\ĥX\h֔+\RUL_v˱՗\\.\\5ĘVMn\}{O!b\dFxAE\;\\Ziu@\\<\3*7.u:\w\8b\xHA\\S.߿\|\)d\\d\[jܝ\\$\!:s\u\\/U0\(6\\rRGvX4\\&\\\п]y\=G\Z;\Z\0\\"AiD^kV\\\f\VrE\Mr~X1\\^\`iW\c7p\E}_0m&b\r\t\\ss\\Ic5^<iPfk5VZ\\\\@5\\4mpJ0\\'\r\J\û.\\\0\x\0\0\0\0w=X[Y\Q{&rw\\\۫n\)x\wV\\Y\Z\p(\T\&\c\o\x5;\m>M\Z\\pW;\n\P0_m$pqHʥ^\V0\ahM\n\x-q]\R\\N\PoWBsx\+I[EӪGi~c\_\k\\s\\\Z\61o?P\D\7.=\\fau5bc\\\l=\\9rX0\gUpxvj4뀹9/I@\hτ.mf\'DNJpU\c(b?wK\\\\G\x[\N\5\\n\\Mo\W\ZqJ\,a\\D#\kǩ\\܎5\Za_\lY:uo[\\I\\\ZS\yd+\\K3]\"N\,XEUk`IV\'eS\FR5[\}봭;\9\\r𳅗Jx\|{\Wfե\6DUc)X\x\Z?s\\\%֔sQY\t\/Y\S\N^4Ӝ%\\e\V$\L;\:X\nPx\\.hr\lQ]\v\t\r\cm.jTy\\7\\\\\r*,\\r\>.)RR\'	KFAe \zQܟ\"~N4o=c#	GR\\ymtp\\Zl^}jV\\\g*\YO\+2\!Ηaα&\TZ ,4(q3vjU\\=?\\;ذ\Z@\W\0MFy\\c]XVx\ی)4Օ8\\*s\	ټ\\\;-\t*E\L\ἦ\s\@\	\+NcɠM\*bz)ꪪb\66	qMq$E\A.[X_v\H\}\6	+\7ʭZm\_d@\\8\\'\O+\\>\\\\5zd7ӫ\\LȮ13\(5\\\\뉭\\PӢ3\\\˨[\:\`(zl\\4\?,~\\+,6<5\F@==؊@WB8zydo	+o6JrM7rp\| \\r$\O\\\ד\\Mee\ю\\!t\rq\\[Oh\\:\'v\CbzR\\\*\G}w\	1\\V\4\VG鱋ܴַX&2d|\(\fw\QVa|e\\X3\Y\zD\콮q\`\'\\_ܸ\\\([\\T\^&i#\Y\\x6Y\rlbW\0+\\\r}|ۜ@\0\\\'ss8v7\(\uJ\m&1!5>`l\\װ\ˡE2t3vELmM\dt%\`u/\K\\+q\s\\q\>m1\Z5r2;#ho-\LΉ_4)\qh	O㼞\\+wL\\"\KT\7z5.?\T\/y#\pP>$\nt4䏱\'\S\8\ɫ\\&wó\ \0oߛFvC\؀\|\\\|)\"N>8\S,-\\C<\کL*\Z\Dd>\ĚP6i#\5F\RMX\3E\R\æDh@pR \0\/,Y\c\'i\{v\'\\Zc)~\\">kh\'\8\L0\\W^Z8pG$N3lE\\~+ic*F`,v06#N\\ҟbb\9MCuQqxbJ\\7,e2\R\L<KW\$a0u^i\}\m\4_p\\\-k([\\\n@\B2[Ol˘\L\\")h)4\\fV&U\%@\~ֵTu\n\f\\g1\n=\9\g`em\\dm@ʴ\̃NY\\߲Q٭?\RK\'\=h)e\\\ф$ \\\0/!hNmg-\\ȑ\S?\e0DKXپ%n	\}VC!wi=4Y3I\0w\-Lm_P#\R\iT\J\\\rʁc=*\n\o[̢3k\'jo}\\%\q;\\\!IƙW\r\Y!U\0B\'3mT\Ǚ\\K\\ \\, T\c\,\ߗ\u-r\zgT6\'Кߌ\\~\ih\n/L&o^\\[T\\F(軋m,\OE;Mfbs\Z\\n>\\"ڒ&!=w \\vd\9*:u9\Ѿ\\(r<	c#J\nk8;hRk\\\7{QV$:!X\Eg٣u7q$\g\rk^\঍b\CN\\N<y.\yR\v:8Y+$\0|s\4\8^}d1]:\T\/\\\S\7l\\\\\_\ i\)\*X%q,\0!OIe46\"UǞ\\\\{P\zA\3\eqn\~jvFB\Q\\n!\rWi\Z\#\\|.\&ty\\O74\[t{1gؖ\b\,@~3\q@\:\\k\\\0\2\l\SH\g0\\@Ɍ\\K\mhPOed\[7\v82LO\\\t᩻+ut+8@\\ૅ\wAr6\O\F\K\n6ץ\N˺ŲwR\r\\`\򳷺\\\@\0\0\\0Y\\01\\NߋS\PuzT4\"\'\\ \ :1\ߖ2%l\!\\\W\4&>˨F0=K7cʖZ\"C!\6\;YQFD\Gܢ}/s03yEF\#\*1\l3\`\H8ifYTFG3{1\8l\\\\\0	EfbOh\({\-S\\ׂ\b]zQ,\\R#-\ơu\랁 5G\\\ǎ՞\6\\̯\=19-,R>ۥGr\¢\\\rN4\\;8\"\+|_`G,0{9\\'\L\Y\$\(\\\$G5X{\\g\=\Qn\\%*,V	\qWjM&\d\\b\\@}ZJ\5\=wCZĨ\;De_R\`z8t6\n&\\\P$uOMDY\2tYj\w&W\~r]NXx\Vբs\\\;\\\O?&k0\A/1ؙ~l͐	\}g}u\\6\\\\\\Po\\\7MІ/\R\$	M^\'\w\\+״\&sg\"x\\\\\06\.#\Tl\o\D\\WRYw/T\\ZAa\7\x\dʁ\\\\B\\\\a\\I&\\N\/\\\a%\\\Q@l8\I8bb,\F)\#fT\\\S\\\\ue>2G\\n\\rafPajW	khe{4mԃ̃\'uu>hghʳ{\\M#\ҹ\\Tg[%7dYG\֗|M\n@\\5\K\\\8$\/BHb8\'޿m\\0\0rKXvG\'HJN\7\\\酭\:z\\j,6rw1l8z\\~\\Z!\rQz\J\{0\\{vykg0:(\1T[\\#\\:/[k\&\\zg&o\' RkeUg8\^>B\nFuf\JVQeJx\\h\@^a\\q\LNLkqpz\\m:\\\\2\r\\'\rY@2\\/{xնL\\\\Zّ\~Gߓ\6\\b\\4p\ra\\\hɝuJ\7RstK=]!(\C:\}\\\Zj8PaW\WQs3\67(aW0\6\`<inIC\ä1\\\.\AHK*\2\i\GUHQ-Xrs\7n{%[ȗ/孥L\Swe\\A\0q<n3\\Kj;N=\f5>\(	 A`_\D\\x\\YVv\lZpͱ\ჹ\n\nz\\\\z!4M:\3_.\%\a|Z~\I\@\2\		M;T4<Q\ϱ)\\s k\¨\6<{\kNBf+1#N\cpJ0\0\0\\} a\t\\/oo\\\FU\HF\s\nx\\\~^eˎg۩9&b\\A\\y\\Qz\K?\r%\E\\\\U%K\q8>@30\'\*AJ\ӇK4JY!q;㈞`l	6\(\E5D\˼\\9C}Q\'\;f\^m\nܮ\!*\t{\r}\љ\\丄l8.:|y\\Dt\\",8\,\]\2sDLk\Y\]4\\X\d5q\D^Pг\ZM6k\gBh[>,\\nj:̼-	\\'_bnW~\ͅ\\Nw\F\u\0J̸ˢH\n|9X?;3Ü\\\0H\\qk\J{B\\*5\Nb;l\rH\'Ae\P\\sKͺ躧^\a;1P;թ\\r\# =@z\ M\\9HM\t=cB\\l3M۹W\\\\SV\\\g\/UZ}B7PhD\\uL`ksl=\^}BKwi64F\\\6F\ǔ\9\sQ:\\ʕr̴lݘ7^fICa󥱋\r\ŷ#2\\X2\Em\7@_KJ!\\K\s\ݷ\heǔ\\յ}\\AP\J\"NP\13\\Gז>-\l]>\E\n\WѸt\2SR-[DKA(\GO9\ߪ\0\yO%aǗ\\0\<Єyj7\{o\j\qM\;,\\8\n\gt\7r>ʄdf{\xh\&\Bt<^^ȉ\n\/\\G\R\;Y\\pl\0Ni[\nq\&7\	\\\v6\\`H7\0\a\=\h\\\@\"ҀbI\\\@yK\\\6t\4\ܪn`\<F߹3\\\\\SmI\mEd~T\퀸Ǝ\6PA|\T=C\\<^=\o(X\\6m@{\ZvC?xm\h	#c\\3Q\Zɣ\2ah\\3DMFl\"FK\ee^\ w\\1Mt\nX\L9\~|f?(\\'\jO\\^Q1\\C8\ҴⰝlUs\wz@$A	qH\\2\n\a\.F)1FR/\:\][xQH\C\\PUe1}\pJEt$\Z7>M\z\hLaMr	R8O\X\\B\3\\ \\\\l;3\*5k\\¿P\'\\DX\\@\\\>8q\p\6KR:=\"!)\Zn\\3\Zt\\}ג\\YX\\,D\B\髧\݄a\\Y\\\\}\RP\&\\&^Kޤw\5\$\2\\X̨dQ&n\@\ܱ\\5Zh~\\Uo\RĞUÞ\\Y-\ZP27Dՙb\\\n-A	\)\\\\\\) *\\OFtǔ2\o\\ܒ\̎ё&ogο>Ch*~\1yDs\2]Z6\\s{\0\`M.\\\3\\\'-)tɇ\\LJ\'MTa,\\\\\eb*Np\Hѱ\aRL\g\uգw\ើZhg?\A\cUlR\K\\_\Ya\\LU\!-\0\J1\E喣\r;v\ڋ Z1nPPKgC5.\aE\)LU\3ʉÙx\*\]\)ʯͥHUcԃ\vY\^8.}ҁ\\TMi|\\;\|\m\\Ol3\_\\\=\%\RMg\\X}9Ok`)y\a\	6\\\O/*\TeȅP<RN\`)\Z\rv\Fjgpɬb\\Trm \\k`$*\+\1CJ\A7E\\I\g-a\o8Dz=`\n\q\\Z\\ɐS\/sy\\rAf;TB\b\04(@\\'/\\G=\A8\[\\fR\\[7	\/t\\شP+\\0/\/Qsb1a5C&\@z2\@\7k\*0z\ \0\ZU&{zڋqw\\GA\nZ\#\bJ5B\rE\\Кն\L=%\0w5z\Jc\\\@ڥ/7a\O&Q\pw\+4r\;m\s\[@[d&\\`줹\p4١rpwr`\H@`\\\ DUc\"(A&4{B~l\\5K17\\Z>#.ղ+\\'F\'OGD\\Y\\mj,9\'e\r\\b\NYg,\xI35, e\\%?$\\')\\/\\\&\'\\]Ơ@\q_3cD\]\tW+\\#\+?7\ \s12r\wxY\s\ͅ\[\Et77C\\t0&ݑ~\;]7\(\BH\ 1lEU/\S-ꛣY\\p\kc&Z\#yrEd\c\ƇP\\`J)A~Ds2\>l#;Tv\r:\~D\_q\bb\Rv~sk\s8`mX\MO4\\I[P@\RV]&H\؇0AKt\\\\ʑ`\v5\}Y}\\z6H;5\\\{c::\\jk\|\]H\7[\\")8\n떘q\ӳ9\1J7\n\\<|\DK\XJ4m\³\vsr^\\\<\t\5\\Z\\dh)rtyv=\@ig}{\S\\r%\`\\k\;S\'\\\n\Mc`[\\,|\rw\{`?$I4\\\i8Xm~`\،v\'m\)\\u\$\"}\\qc\9\˜\ \+=zU\l`\$\$N	\\7b(ÓM\x;\C_#1$H/&< \å\㏷C25.u0rݞ&\{,d\\v[-\\Bצ\\\h>c\\\|v\\`n\\Ƃ\'|\H\" \\\_\kOm\~R\1M!]Db6~ԇ\&Q\e\{\\\Wr^c/\tqnlS\ٛN\1\\ɘn\Z-G\\B\u\Ղ(U\o\n\S-Y\;\襶O9:\e\\\l\0\\\keC1D\\4{ITD\bp\@\,KB\\sn\\\8!f\|T\]\r%la#r!\=1A\@U\'\IVS\\a\"\y\O.4\\p\i=^1\ry\#\ZE}\'ޏT\VeTHQ7-f\>^\0{*\\\n\#>1XL\|S\ڹ\\0b\Cmv\B\B\\Kڳ\+Ϫ`ME	\\g\S\%\\\Z=^ثs\_/*\ǋ#\Jap$y\2x\/9\A\UiG0\\'\rE4(ѦWn\"Ƚέ\EvEwS+G\\Ia&{`A@2\/:\\\N\fON\:Y\Ͷ\\\rY\\.U؅.\ߍ2\+|xfBWN\\f\\ug\s5\!!8s`A\na\\n\^Ֆ&M,ѥ\7\B?M\-\\\MF\r05\|$A_Mv\!|\[}\\\]}S\eGa3\!5i\'1\\\\\ry\\ߧ\d7@~\r6\J4_\\Zo\cl\\rZ\]/\&²@A^\\xB\\9\nۥ[|\A`c$	WP\+nNۉB\)\\6s \Nԋ\˳m1e\0d\>ȖH\Ӕ5\\\@\Y$TS}t\FLvu\(\L\q fmYyV?lWo4+GǷD\ư\3\*ɐn\\&<\y^TsD\Zyz\'*XDW\%\I\TҀ\02j\\Hxӆd)m\\8##u\	)(&|*Q\'&4 \\m-XrѢ*hDp\0.,i]r|\\b\"k\\\h\"?\0^ԞRI	[mϒ7Cğ\"o*w\x4Dg,o\y\p\s4q;]\biD\\@fvοEw\F0\71@m`\;\|Ѽ=\݅i\ц\p_ölEN\ݴ`iC\0\(Rt5s\mӝF\ÂC)L(qoiŨ}I%Ӡ(\E\\\d\PdR\\8D+ (BF\rZDv*AM\3R\\R\4\^\\X!lx*k:)h+\'=\.\\/:\lL\I/D*g\_\O=^zŎ\T\'1\Ob\[7ٺHc<\w\e\'\\,pQ\',aͣ\/\޼WP\Zw\9d\[X\\\j\'A\0Ԕz<Fj{2:yX4q)3\K\\ۿw\$m\\\ːi\T\\:zI4\VC*,\u\ՖFSUY`lD\\\7/%U\0\0l*m\\8(>\ RO\Zr\\\y\n\\\\.q\\\Q\"\!=cw1^B%\U\|\0Gs? \|f\Ё<:gC@\n1A\\\0}\^ik7Q)(I\6|\\\\\cI\'cػ/ŬZW\r/\\;{~\v\\8n^\\\"\^[-T:v\!]!E-2p\\W.i#l)6kuD\m]\\-D\8}!L+=\\'Yϋ\Ѧ\\>ڥG-@jxn9*@tTM뇌,T\xr\\RZ\\\R \$.oTv\\\Tn.\\Q_V\"\\O\n.\\ \ݝgX:\ۋ^ot\\0\*m\%u	\\%Hb?\S\(Nj \(\W\Y\Y4\T7Q֓]N\~<ȕ\Wh\Y|\\\ИJ\o(.H\\\48HpEӂ]k\'x>\}=1\-k\G\B\\@X(f\8տ@*wOC\˵\)\\9*~ޅ\LwGep_bEuڙ\Y?\N\C+p/\\\?훨Y\\r\;\Xa d0!7]VՄ4\\|8\n\\(U}\Dyu1T\r\\m&\\%ǅ\\\[\yx\7%\\\s;\\0a\,\Lnz\iY\5\ƚ\\^\p\U`\n>|\;\g\h\d#1OF\㛜\"qZG\Zu\\\?p)\U큘\>U\F\Q.\\O!LBv\\\c\-\=N/5r\Sw[`ĩ[i\$U\\\hV\^6\\fP\\?\D́?\$C3Y\=D.K\5}\ؘ-\\OV\\\\\\ûϨn\*\~&Ȗ5 1\e+e*j\/\\.w\%\"\K:2^ztyUrӱб\x{([\"\\%\J\z\q\{fi\h֞\O\Z8\l\\\tnr\+ynh<\\m\'!\Cg\'\\2\\\\QB(,4\K\\.qg1\7\\'\\	\s\_\\n̜\78\S\Dl\bm\5/A\&sD\*\\\k\0x\,T\"z\aĞ\<C}c\`>\*d(G(x\n9u\x⮟IkH\\!\r`\\.S,\T\nYZ9V0=G\8oڧZ<\o?\㜥6=\N@~N9\ \8I-t\\\0\i\O 8\`&/^\3kb\zE]\T\Z!*5\I\\XV\UOp=/p}xPoPf^\񀙠v5z\r2䏭Q[Cß@5q4\Bh\TZ`\<JF\4_\RgFېI\\\Dd8WM3\^ACۯS=\\\f&\\\r\0v\%iN\\Ft\r\[E8\u;\|u\P\\rOn)\F\nr\diڝ\\{$E\\P[\3\9\0^;I6k`\[\=w?^\\͐j\Ik89\ָ}TbGݥY  \"EXʬ\\7nKt˨o<\0|eh\uZn KnK\\\s,l\F9 6\s\W\nT[\-$\A\++#yi]A<\\\H<\\tD\\'W\e\$aMy4:\\Ψ.\Ct&ڑ*sr2XW\p\Z\ڌ.\-\\\Z\` y\w\F.ʗ\'\\EG}T\\\!Uć\Fz\\ۉlE\"\v3Ao\š\I\\L\\K\Ö5F\\@)\\BN%w2r\7\qÙ͡\D,\\\i\0\A`ڹ.̷\zz\MpxT)JI\W\|\H3QM$\Z!`\a\\\^Wp[U\Z0M\\Z\[:\X~F\\w\nø\y\h\jT\B\qQ0Y\[1\r߃8h\\\"+F\\\\r5j{\x{\͸!\"ϫJڃkd\iw\\'\znP\Q2\\\\۪\\\'\rg\\a\\'\n\Q=nR?N\rBJ&\1$&@\\O	W9\]c`3\i:ᓻ\5\\\O3\Iٌm)K\hf\cCubX\T\/KCb\\"p-_\T\\st_ۄF>L\\]S2m\\ݹ5\\\\<\\R~S\\&Ƶ\\,P\guK\0dl~ʋ4\YP\\\'颿,\St34f\\!-!\|=a8[Bz@\\'tz\ůqdr\nn6\p4\ⷧ\\	\~z&N\&\sZ*u\\"z=T\\\\+7\.;\E\Jrؙ,!\%\\\=\rH\lf\\\	\Z\ݛ#S.^\\#!Հ\" ֲ\M	Qfod\\ŝB\~֭\\	\0bnT\\\\\c\J\Hd\\0%7^~\p1p/E\.\r\Xy,\\\\\]\{ц}\\rW~4Mi[U`\ХueE0\xRD\\yBM/\\kHAw\NBY77RZr0CdO\?g\n#!U\rآwB-0z6dI\\\N)\\\: |\\(\0̓\'[˓յ`5l溼	T\F!\\S\5\5\z\1G\\y\\5\&%eZ]a\s\%Sh\ZE.L~U\ PQ\\Եg\Klx9,~.\Z9^xq\\O\Gw7\\䵕\ \nR\m\~⇯~\\\\2\0~[q\J\hТj(\:*/S_7C,my\\n\Nu;miVh\\ \\"Pl/\\o\b\\S5ɽN\Zkf*a\\\甌\Oa8\|9\Z\.!\\޴\\ȭX\\ry\\񍸑L[\<ɑÚxq&\6\rlINn2g^\\\7\w\yz.\她Ʌ@\\X4q=:X:;#Yr*@\\kҊ\`\\\\\Z\hu޹{\\X}K.p\E\\\RC,U\-`f\5;]\\o˽\\ˎ>UM\wPD\s\"ù\_C}\r\\\\"+\\\\X(\v\O4W>\W-\9ٿF\(g\߯\\0_&sa .\nZ&Z`ۯ?@j@	P\}	&|˦>\n%\cڳ\gi`\S\&2\\Zz)4\&\\^}\-!Axc\+h>\	au<J(ǚ\]K\qRk\9uFyt=R\\?τQ.V3-{U\!e\Fq7P]:.V_5\Պ\\\{\}bH}@`\'\Z5B͇F bض8\\h=lݘ[\\\`\";7ۤ֠*]u\\>]\Z\\L\^Ӻ\F5\6Yg_\\-O.oG\c\	~LJ\*\0P\r\mXhu˵_[ɳбlۜ,\qԚ\\01Uh\!a\\\iw\\\|\\\\`\\&\({\`>:\\Z\up$l\\J|lJ2\xc;򽚸Ki_\\hGtJ&>N!k\H)\<J:1L8X2#j\5\\Wi\\_7=:\yE.\{Yv\\\W\\24\"셝\0f[]\",A[+\n7?{ۤ\͓,B%\+g{~w)\\\\L\s3sЍ׬r{eμ\\\_(\\i\ZS\X\0\\\\.\6&a$@aZ?WW7\/p|H\6A2<\Lp`r\2\43DQ\\ZbŊVG,ǌ_\\&=5g\\*G\r<]=͔9*\Z\\^C\mZ04z>\4	{\\jF[\;`\\<Wt\ kDzTB\\EdE\Zm\rTPO3jήT\0-\XȄ\\\\PS\zCul3\q7o2\"x\\M\.$~\\\A\BC\S\Dg\\)\7B4P_kZ?\rK+C\Pi\\.2=\\C9Q]\hg\\M\/h\;\75l\!\Z1}z.\n_\u\\\*\ԋ\\3+ů}\b\Q\Q\E[?v\27\\\9uᢆ\n2X+\)y|7\\\#nC(o`r\\xw؆c\W46ԩF^pR\$\\K\\}}\\](\')\Eݔ;\\sC\\\DazmW5x\6\0\i\jUlbź{\>\r\g-0\9\\}݄5\޹B\\[|!k\\8ݻKQ0=eP?e\#xۃ\ט.\y:G\\(\\$\s\\,\&:K\1D>\ ۝As,\\\\\+w{#uYd/\y\)\(b}qM\m\n$\ez\^h\eqƱGOۂ\=\x\7+\q\Y{\\\"\̔qzw:QV\ˋP\Q\U,n:\\J\N?pgL\n]Nqڏ	\\\f}\$w4c3/\\\½OX\	.Fs\\(!}y	<+3n0\c\M\X\\*qј8NR!_\\\||P`O\\\*\h@\\\0\\Yv	75M\t\Wv\\"h۹\躁{\g%_)+\\G\t\QP\ȿ<\)\P\0O\LQ9\\\\\15	&\TO1\Z\\\NT\\\\?[/\C\\\n0/юw@߿ws~xo\3\\ne6ԬM\2k6\\rU\:\r\-]\-\	4q\\bm%\j(	\UJ\jd\7{U8\\\ഄE_\\iɛ\YC\\\n$8Rw\:\{h\\]͆q\c\wRCX,3,_џm\@\+6\$r\[c\\\F\\af\1\r^\\\;mP_\\ 7?\r	t7n|L\\x\אָGhf\Znbg\R;\Z\b\n5-	\ecJZ\R\0l\\qu\C\\L\nA\Sq#C\\Mi`FAW4O\5EZ=v\"\/ac\.&\Z7A>	\Ca\tP\sk\\@5E\)\l/\R%2\,!\\r\0Uo\ZV\h\\͘u\\pF]3H\\ Rgrϸ5\4-X\{w\ؚ?e#\Z`)\Z=xDwnKL\>Йi)\݊=gv8 s\%cb\T9\^\Z0M$\$LXXv\\0Z\T,%\^f\\RƗY\\Br\$\ݓ\Fj끥했H\\\]g0R>_x:\\H\qx|:)48O\p\E(\\n\0<dU\\YJ\31h9\=\{*F\mt\'sk\\.c7]\'\I<(o(\Q׏\>_\Q\ma\AL_ۘGĈO\\0Y+V\R\zO\'A\y\kz\65@\nE\\2\\p;E.\\θqi\g&B\ Qm\re\\N\rS*\-:i\7\\\Z|Mv\"2T>!\\=T\47[NQP2F\]6\E@[\d\\\"\~\\\rsZ^JUR1|\\nA\\\N\\,Pρ?Il(،\T\={[\{O\@	\y\(\<\0%Z\;X^Wm\jq9\/ő5:Ɵ\[ZX:K2d\\>[\m;32ʭc//YA\%6\7bX:\sq3\"7\\\Y\\\\\J\B\/lI\M	>\\z0Ay3V*\\92m\r7I\d\kVt\t\nVѫ gߋ\bd<A\\AP8uwϤ\\r\\W\ѥ\ˢ\r\Zm7s/	\\44\|\n\=C@\4qO٬\U\<b\nK3gDe\Eꝣ8QU\(\0\\G\YCZ<\Ov豀nz|\Ngz \T\\V*\'\\S8O;F\#<SQ<E\\mW*\"ۥDsR̂B;E\[,V\\J\j<v\n[W{?\\8)=WC?\'D\\:0U:r%P\\\SR5\jν_]}5\#}\ahىKiɪP\@\'sm\N\\\V2U\8><q5;A\cc@$s\\\\F%-m\/c\w\^igʝtos$RsÁ{+\L=peS\r2U\\\9\ܭ\A\\'fHI{_\\ܜ\uΌ\\wwE~\K>c,\@UZEA\)zK\w4\\Vi\X=t\\¥~g҂Іޢ,v1%\߈\rE\[w,b\}5/oNΦ\S\0W5]r(\ޖ\h\\\߳]\#K\?;ߡ\|Zld[\ZHIwp\\n\vȁ\H\"\\\W9A\lR\r뛠OAUwPBUWPl])p\\\\E{\aՐ!-M\\^_(\F_\:\\X>=\׀d3lJS\r\6\_\5q\peΟ`\\ق\\\a/7\ZNh+>(\lD3\Tn\AO`6)\e\\8i\\\*\o~i\\KS}\2\Z	AxL)\,\9`\:|1\\'1`\ZiF@FT1v\@o\C\SrHN<旋c\󇻭ʨh!A\"db7\1zcni\a뒆\\"$\Ͱ=kALtz\0s\'Urh\CA\\\\a\hm;iW)\\.\ʚwLXJy\\Z:X*\\r\\F\\C)	4в\L\	?\(\]ZV\\7u\JU!\\.R)\\\:\񞎚7A\\quz\\\\$\?\H%j1%1\\~\n\-\\ms\SiTp/3\\C\\	q\\\׫]cycIwNӊ\ƈ\;k$P\/\8\57*F7\\_MnR\d#\s\|uW\n\M\\9 f\ \K\\$c.>S\\r.\W\m\}\@?,?iq#$\|^ \[ \S\.kOژsOTؿu+\JL\\X2\n/\W!2so\\k,k$\\{\\zZ\0k\d(<Ccحćvj S\/\Clh\$x׿K&зg8<hV1\\\N-\X6\n%[wdLP$^:|!J22k\T2\\.ˣk7pDC\0õ<T&\$eU\֋F\u\}qJt\e\_ƜSr\\\>N\\ȃ\\\\8w?\\0$>\,\nD\\\?\-\\Mf\L\NSm]e\\\RU\@\"A\@\k\$\K4\^i\\R\e;ߚ\\\SP.\3	Oz=|\\>k\Rx3\n\\OxAx?W#숿\\>ڈ8}/>Q\/\JʞY-Y\S\\\=o%S\g<<|.c%\4e\ᚙ\\I\\܋Bp0\'W\0rPZ\\[\Ѯ\cY#֪}\gV\x\\0e\&k\ \\\\ڥ9*\5^7PȓכpiҞ\Dƭ*I\\\n\\v7\)\\M4\"|z\M/k,Den\C\\\s\\u\&;\y:P\l7t\NB\`[YNܹ.M6OhT\3i\l.\ZeOuFŬM\\\6ӄ\b\\\ߘIk\\+\\`\y$TC(04\(88\s:Qрk<,@giLQ\Z\n\\\@Swx\D6\9\\'l\\FE\\\5U(*\0!#-)œ\\(z\TV\0ٗ-k\\AHj\0+VSȻ8b#>U+\סs	ηM\(\\\uH<\\T]\0\5\\Yʗz(ldxAF򀛣Tt9=u*\\$@\ꯧT\\*\\;3%ź\Qm\G|NrYЬ;4c\2D\\\;,\7\m\p{R\u\j\Ô\"\]wae*ʁ)\r\\\\Z0@\Ϝ>d>\\n)\-bdb\Qgj\S>Z*\I\FLz\\1pQx\\>\\\\h7e\1U\||\WTT\VPh\\\0Ia\SnWA\7b>/R4\tb2L8[)r\n\0?$x%\\t+\AM\nmIM׬\Pb\d)\\,\\XI\7}x?ɋō\0DMB\MГӹ\k:$ltj+=؆gJ\n_/wg@x_$\fUZ\x=Se(\נ\\\8f\\\@\,:s(bNZ`\~vdz_>/2\zu\/?>{M`Y\j\02\©\\\5%C9N&\2ڽRt:\V)}k\Ъ:\68\\H	[ۺ\\\\գYK\^B|\u\\a\$\IXC㰠g¾\1./\\\n&1[Z	zD$I\᥸wJ\	.?\\:韴\\-\6q!hV2\x\N\#C\\b\ѯF*pG4>$WE\T\\\\Ƙ%\0\\q\\xC;6d%l\{\kh\ыc\v-\\0%\q\\E9Y\\+\Za)t\T\cp5Fu\\~l\B\=\\g\-2t/p\շi\O|BZ\\w\?\&A\ZJ\\`\[\}5\5}+\.\\♕%U\\V\0Fdȶ\\\}\6w=;\F)\\-\KUՠ \\\c$\\x[HX\My\,\\z\`q\r\\3AE\Q)\%2\\\\)\Kۙ+&B0g\6W(U.qer0> :HBB\qs!DV\n\Ɇ,ȿ\\\F\\nǉ͉\M3l+l\\X\R\(\ͣ\n(~ȟs)`%QZ\\\\Ad}J\0HX7\\y\r\U\^\\ʤAR\gvzކ\y\4\\h\\\Is7\\\C\xuҕ47\o22ż\\fG\\\\\(1Ʀ\\Bfp;\\\0\"(7i#>s\\\sRJh,3ߤ\:\\\\m\︵6t/cq\r\H\SC<-\G\\q\Al16Y\x\w!\ޟ1~i\y\W|n	l\\03\Q\#p\zuDi|!H\J\'*\\N3\\U\0	,\cQGO+n\r\J:<\8i_\F\\+Osm31e>{*tE\\/k(1M\r\\\g\"Ai\\\88i4|\ZjB˒\3W;\\\WWgcޯ\D\1\JiIPYi\%K5L\ \\tG,\\тg;MR?&*SJ]9O7ٓq\^X\n\\\\"v9\\"\MݿИ\p\l^X>5\'\1UMcF\pQL\n\oO\E(Y[\أ,\\0ÿ\\H׌\Jv\,t\CSc\\\rv\\\7F	%X\l6Ln\s\\?>霆ȟV\Z$<_!]yܞӵW)U-\!>Ar\bu\rk\;jZ?w3\f]0iq21\B4)\\W\Ҵ<}XU\7~2okѪ\(XE\Z3\%@3GY  \Bo\L\\8\\\\?\O,\!\1nW}\qd\%N$Nwdf\:{ ]RP`\]\XO@\z\\\J\ \\ZR\\7\/\Px=(\n՜dk\I)v\NQvQ\زr>gZi@P\5PqL|U\\\2Q \\\>{T\|\IL\z8)1\\\~JsT6=Z\\$$Q\\%q\2p\Eh:\\\\\\І|Qʁ\\,.Go\\"1\dRޝ8Qܝ:\DԎ\\\wme* [bq\Y!4:%ƫČY{Y\6\`6	i+GQ~w\C\\\\\A\\F *\C:g~\L\f;޷WG\HBo\݄\31\\$\gy{[̧\\V\?O\a7є\\0,m&\'(\\\b̌xE[=,=6ް*Gx\M_ܺJ!b[7a\\PES]ӈ[)\n\"7$?h\\T\qדMMl\ڿ\Lܬ\\\]\\.?ϿK\D/\nun\\\e}H\\FB+\\okz!\3\d\>U\LhS uO(\j-Cw\hDb>)Kzt\n|h\ɵgb0\\8hS\]\s\ns\\XlP\q\\hr4/\eEY\\\bZX#@\\'y\ڹi\Wλ\r\n@Pk6\\gJ>\\\"{c%z\\FC(9\\\\\ϳ\}}\\ZU\մı&\\\\xcP`C:MнIJ[\K:)\rH%E\3N\A@P\\\zEFPt\Z\\j\\g\]+mf\ȴ?Z\\.碦\QjbCb\\\"b$\o%PpR\U	i\W\v\\#\\D?7a\rݑAi\vWSm\TkO\kE:ta\kTok\ʞv<	x\\r\\\\Su[\n/ld\*Z\n\B\D\J@AwH\%\54n%\&dY4r>V\LjA+\4\Zg\/QC\X)\\|Ld\^<\nۀ\|\<Pz}\\0қ*FK\*\g!I긣\?H\Td6{\\\\=KGL\4r,\`U\r`\ZWa7Տ\\\g	\/\\GH-\%\\\\0\\͹$\>\§\N}s3&\,\x&a\\rP5\\ʹfY\,\M5:\rl\(\'[s\ޖjPZ0D\wVC\3_\˱Qr\n1\nc|+&OoU\\jf汘T\\nF)xl\LuJ\֠w|\\\EH\\+w?1\_\\a*,n\nc4|mrD\o<L	g9\	Nɓ&=\nc]\X\n\_\S?\6Gr\DL{.qZ#Y\'7\\B\#\\V\\;*݈\0\3\MW}\?O\+`ٵ\\QѾ9x޾\|s\\\Zr\?\=Й\\"\;@2	=4{\vE\-\\H1zU\\5*e\d\5dzIi\\\\1EMi(\QgY\36@\\\n){PT-\'}ưKsk\%f&|\p\1H6F\\rA4͐\\&.IfA\)$\\\AϦiW\Z\w\zA\]C2\2]Xp(O\\{϶0eY\x:}HQ\n2w3Pq\\gj0d\Zsd{\=\\\\ë\\w\\m¦\\\{\MxzF\T\\\EG\\"Tl\bL4 (\.>d\s\\ Gp\ビ}\|>\\\`z} 5ļ,{dG\5{Z<ͼ\	\EI\$\M_\mzKÃ`\ڂEUVL7=/?\\\nTv\\'\¼/\+HD\w%tq?s\_r{>2\"\}p]nhĊx\_<Aԟ|₿\\\\]Wʟ8	\ F\݁2\i\Ic\si\9\\S\=8n$\U?BLq\B\\"$`R#Y2҈{\חC\:F!\I&w\\o\f:-\L÷3R\pg\:\\-gc\2\\\\\/%:\\:*FSk}v\w\\n~\\f	lt) P\\kɣ=zYf~+E\\x\Z\qN(9ui\\wڋJ\\\0t\"\GRTwD\\'\FMm*0!:M\C܅h1r	\D\b4\'a%\Oظ/]w\n\T\`\rӖϲ\\C\u&(\_\r+:雚+\J;Ce]\u{\\Eq\6\&@͐O\X\/\Vx\B;\7; \=嚑O}\&V\Q_J\\\\\z\Z\\n:l~y\\\\]N|\rJ;֪k_k\u~\Ӗ\ZJ`¿\(\\\Bg\w>\\\3\\\}} 7A;\ZueX7\\O_99\C\\O\[iUg10\ZV$9bǵ;=\R\/k+i\b<JMar>\\[x\c&Xhm\\\~I\f\G(\3\R~:V7\\n\\\\ʐ\r\\h[w6=ܮK\\	bó\&\0\0','Snooker',1000,'301b3752-f86f-4ee4-a04a-cc5e32f9dcef','2025-03-01 01:14:49','2025-03-01 01:14:49');
/*!40000 ALTER TABLE `games` ENABLE KEYS */;
UNLOCK TABLES;

--
-- Table structure for table `group_messages`
--

DROP TABLE IF EXISTS `group_messages`;
/*!40101 SET @saved_cs_client     = @@character_set_client */;
/*!50503 SET character_set_client = utf8mb4 */;
CREATE TABLE `group_messages` (
  `user_id` varchar(50) NOT NULL,
  `group_id` varchar(50) NOT NULL,
  `text` text,
  `media` blob,
  `is_read` tinyint(1) DEFAULT NULL,
  `id` varchar(60) NOT NULL,
  `created_at` datetime DEFAULT NULL,
  `updated_at` datetime DEFAULT NULL,
  PRIMARY KEY (`id`),
  KEY `user_id` (`user_id`),
  KEY `group_id` (`group_id`),
  CONSTRAINT `group_messages_ibfk_1` FOREIGN KEY (`user_id`) REFERENCES `users` (`id`) ON DELETE CASCADE,
  CONSTRAINT `group_messages_ibfk_2` FOREIGN KEY (`group_id`) REFERENCES `groups` (`id`) ON DELETE CASCADE
) ENGINE=InnoDB DEFAULT CHARSET=utf8mb4 COLLATE=utf8mb4_0900_ai_ci;
/*!40101 SET character_set_client = @saved_cs_client */;

--
-- Dumping data for table `group_messages`
--

LOCK TABLES `group_messages` WRITE;
/*!40000 ALTER TABLE `group_messages` DISABLE KEYS */;
INSERT INTO `group_messages` VALUES ('e586aa62-d577-416a-9bfa-eb3296fdb795','6d84c9e2-a8de-43b7-b311-98b6c68ab5ca','Welcome to the team! Excited to achieved great things together.',NULL,0,'f1bfac43-9092-4f81-a4a5-14f5b086efed','2025-03-01 01:14:47','2025-03-01 01:14:47');
/*!40000 ALTER TABLE `group_messages` ENABLE KEYS */;
UNLOCK TABLES;

--
-- Table structure for table `groups`
--

DROP TABLE IF EXISTS `groups`;
/*!40101 SET @saved_cs_client     = @@character_set_client */;
/*!50503 SET character_set_client = utf8mb4 */;
CREATE TABLE `groups` (
  `image` blob,
  `name` varchar(60) NOT NULL,
  `description` varchar(500) DEFAULT NULL,
  `id` varchar(60) NOT NULL,
  `created_at` datetime DEFAULT NULL,
  `updated_at` datetime DEFAULT NULL,
  PRIMARY KEY (`id`)
) ENGINE=InnoDB DEFAULT CHARSET=utf8mb4 COLLATE=utf8mb4_0900_ai_ci;
/*!40101 SET character_set_client = @saved_cs_client */;

--
-- Dumping data for table `groups`
--

LOCK TABLES `groups` WRITE;
/*!40000 ALTER TABLE `groups` DISABLE KEYS */;
INSERT INTO `groups` VALUES (NULL,'WCHS Group',NULL,'6d84c9e2-a8de-43b7-b311-98b6c68ab5ca','2025-03-01 01:14:47','2025-03-01 01:14:47');
/*!40000 ALTER TABLE `groups` ENABLE KEYS */;
UNLOCK TABLES;

--
-- Table structure for table `laundries`
--

DROP TABLE IF EXISTS `laundries`;
/*!40101 SET @saved_cs_client     = @@character_set_client */;
/*!50503 SET character_set_client = utf8mb4 */;
CREATE TABLE `laundries` (
  `image` varchar(60) DEFAULT NULL,
  `name` varchar(60) NOT NULL,
  `amount` float NOT NULL,
  `id` varchar(60) NOT NULL,
  `created_at` datetime DEFAULT NULL,
  `updated_at` datetime DEFAULT NULL,
  PRIMARY KEY (`id`)
) ENGINE=InnoDB DEFAULT CHARSET=utf8mb4 COLLATE=utf8mb4_0900_ai_ci;
/*!40101 SET character_set_client = @saved_cs_client */;

--
-- Dumping data for table `laundries`
--

LOCK TABLES `laundries` WRITE;
/*!40000 ALTER TABLE `laundries` DISABLE KEYS */;
INSERT INTO `laundries` VALUES ('/static/images/clothe_images/agbada.jpeg','Agbada (Complete)',3500,'0bd3caeb-9445-4f07-ba7f-eb869e2c7979','2025-03-01 01:14:46','2025-03-01 01:14:46'),('/static/images/clothe_images/sneaker.jpg','Sneakers',2500,'20eaba4b-d4cb-4538-aaa5-9287765a059f','2025-03-01 01:14:46','2025-03-01 01:14:46'),('/static/images/clothe_images/polo.jpeg','Polo',500,'2711367e-969c-410a-b17e-a9be17dea2c4','2025-03-01 01:14:46','2025-03-01 01:14:46'),('/static/images/clothe_images/round_neck.jpeg','Round Neck',500,'45b5af76-2b6f-4780-91ea-f9743612d066','2025-03-01 01:14:46','2025-03-01 01:14:46'),('/static/images/clothe_images/suite.jpeg','Suite (Complete)',1000,'6bca6bdd-4c32-45d5-b6f4-3196fcbab021','2025-03-01 01:14:46','2025-03-01 01:14:46'),('/static/images/clothe_images/pajamas.jpeg','Pajamas',1000,'8190d7b0-790e-43df-bbb3-9d4b3f37b045','2025-03-01 01:14:46','2025-03-01 01:14:46'),('/static/images/clothe_images/native.jpeg','Native',2500,'8e16475e-ad59-4899-b6a4-71c86b127e0d','2025-03-01 01:14:46','2025-03-01 01:14:46'),('/static/images/clothe_images/shirt.jpeg','Shirt',700,'90765ec7-625a-4042-bd31-4ee868b3fa0e','2025-03-01 01:14:46','2025-03-01 01:14:46'),('/static/images/clothe_images/trouser.jpeg','Trouser',800,'b6d2109d-7eb1-4d29-91a6-ad7f02ec5929','2025-03-01 01:14:46','2025-03-01 01:14:46');
/*!40000 ALTER TABLE `laundries` ENABLE KEYS */;
UNLOCK TABLES;

--
-- Table structure for table `leave_requests`
--

DROP TABLE IF EXISTS `leave_requests`;
/*!40101 SET @saved_cs_client     = @@character_set_client */;
/*!50503 SET character_set_client = utf8mb4 */;
CREATE TABLE `leave_requests` (
  `leave_type` varchar(40) NOT NULL,
  `start_date` date NOT NULL,
  `end_date` date NOT NULL,
  `description` text NOT NULL,
  `manager_approval_status` enum('approved','pending','rejected') DEFAULT NULL,
  `ceo_approval_status` enum('approved','pending','rejected') DEFAULT NULL,
  `staff_id` varchar(60) NOT NULL,
  `comment` text,
  `id` varchar(60) NOT NULL,
  `created_at` datetime DEFAULT NULL,
  `updated_at` datetime DEFAULT NULL,
  PRIMARY KEY (`id`),
  KEY `staff_id` (`staff_id`),
  CONSTRAINT `leave_requests_ibfk_1` FOREIGN KEY (`staff_id`) REFERENCES `users` (`id`)
) ENGINE=InnoDB DEFAULT CHARSET=utf8mb4 COLLATE=utf8mb4_0900_ai_ci;
/*!40101 SET character_set_client = @saved_cs_client */;

--
-- Dumping data for table `leave_requests`
--

LOCK TABLES `leave_requests` WRITE;
/*!40000 ALTER TABLE `leave_requests` DISABLE KEYS */;
/*!40000 ALTER TABLE `leave_requests` ENABLE KEYS */;
UNLOCK TABLES;

--
-- Table structure for table `loan_requests`
--

DROP TABLE IF EXISTS `loan_requests`;
/*!40101 SET @saved_cs_client     = @@character_set_client */;
/*!50503 SET character_set_client = utf8mb4 */;
CREATE TABLE `loan_requests` (
  `amount` float NOT NULL,
  `due_month` int NOT NULL,
  `repayment_mode` varchar(40) NOT NULL,
  `bank_name` varchar(40) NOT NULL,
  `account_number` varchar(20) NOT NULL,
  `account_name` varchar(40) NOT NULL,
  `is_paid` tinyint(1) DEFAULT NULL,
  `is_refund` tinyint(1) DEFAULT NULL,
  `manager_approval_status` enum('approved','pending','rejected') DEFAULT NULL,
  `ceo_approval_status` enum('approved','pending','rejected') DEFAULT NULL,
  `staff_id` varchar(60) NOT NULL,
  `id` varchar(60) NOT NULL,
  `created_at` datetime DEFAULT NULL,
  `updated_at` datetime DEFAULT NULL,
  PRIMARY KEY (`id`),
  KEY `staff_id` (`staff_id`),
  CONSTRAINT `loan_requests_ibfk_1` FOREIGN KEY (`staff_id`) REFERENCES `users` (`id`)
) ENGINE=InnoDB DEFAULT CHARSET=utf8mb4 COLLATE=utf8mb4_0900_ai_ci;
/*!40101 SET character_set_client = @saved_cs_client */;

--
-- Dumping data for table `loan_requests`
--

LOCK TABLES `loan_requests` WRITE;
/*!40000 ALTER TABLE `loan_requests` DISABLE KEYS */;
/*!40000 ALTER TABLE `loan_requests` ENABLE KEYS */;
UNLOCK TABLES;

--
-- Table structure for table `maintenances`
--

DROP TABLE IF EXISTS `maintenances`;
/*!40101 SET @saved_cs_client     = @@character_set_client */;
/*!50503 SET character_set_client = utf8mb4 */;
CREATE TABLE `maintenances` (
  `fault` varchar(225) NOT NULL,
  `image` longblob,
  `description` text,
  `room_id` varchar(225) NOT NULL,
  `status` tinyint(1) DEFAULT NULL,
  `user_id` varchar(60) DEFAULT NULL,
  `id` varchar(60) NOT NULL,
  `created_at` datetime DEFAULT NULL,
  `updated_at` datetime DEFAULT NULL,
  PRIMARY KEY (`id`),
  KEY `room_id` (`room_id`),
  KEY `user_id` (`user_id`),
  CONSTRAINT `maintenances_ibfk_1` FOREIGN KEY (`room_id`) REFERENCES `rooms` (`id`),
  CONSTRAINT `maintenances_ibfk_2` FOREIGN KEY (`user_id`) REFERENCES `users` (`id`)
) ENGINE=InnoDB DEFAULT CHARSET=utf8mb4 COLLATE=utf8mb4_0900_ai_ci;
/*!40101 SET character_set_client = @saved_cs_client */;

--
-- Dumping data for table `maintenances`
--

LOCK TABLES `maintenances` WRITE;
/*!40000 ALTER TABLE `maintenances` DISABLE KEYS */;
/*!40000 ALTER TABLE `maintenances` ENABLE KEYS */;
UNLOCK TABLES;

--
-- Table structure for table `order_items`
--

DROP TABLE IF EXISTS `order_items`;
/*!40101 SET @saved_cs_client     = @@character_set_client */;
/*!50503 SET character_set_client = utf8mb4 */;
CREATE TABLE `order_items` (
  `qty_order` int NOT NULL,
  `amount` float NOT NULL,
  `food_id` varchar(60) DEFAULT NULL,
  `drink_id` varchar(60) DEFAULT NULL,
  `game_id` varchar(60) DEFAULT NULL,
  `laundry_id` varchar(60) DEFAULT NULL,
  `order_id` varchar(60) NOT NULL,
  `id` varchar(60) NOT NULL,
  `created_at` datetime DEFAULT NULL,
  `updated_at` datetime DEFAULT NULL,
  PRIMARY KEY (`id`),
  KEY `food_id` (`food_id`),
  KEY `drink_id` (`drink_id`),
  KEY `game_id` (`game_id`),
  KEY `laundry_id` (`laundry_id`),
  KEY `order_id` (`order_id`),
  CONSTRAINT `order_items_ibfk_1` FOREIGN KEY (`food_id`) REFERENCES `foods` (`id`),
  CONSTRAINT `order_items_ibfk_2` FOREIGN KEY (`drink_id`) REFERENCES `drinks` (`id`),
  CONSTRAINT `order_items_ibfk_3` FOREIGN KEY (`game_id`) REFERENCES `games` (`id`),
  CONSTRAINT `order_items_ibfk_4` FOREIGN KEY (`laundry_id`) REFERENCES `laundries` (`id`),
  CONSTRAINT `order_items_ibfk_5` FOREIGN KEY (`order_id`) REFERENCES `orders` (`id`)
) ENGINE=InnoDB DEFAULT CHARSET=utf8mb4 COLLATE=utf8mb4_0900_ai_ci;
/*!40101 SET character_set_client = @saved_cs_client */;

--
-- Dumping data for table `order_items`
--

LOCK TABLES `order_items` WRITE;
/*!40000 ALTER TABLE `order_items` DISABLE KEYS */;
INSERT INTO `order_items` VALUES (1,1000,NULL,'d0fa8817-5972-4895-b891-a9a17953b685',NULL,NULL,'2b440dcd-6a00-4f31-83e4-54bf2561494e','009b4a2b-2bfd-4672-85b0-c305146c03d8','2025-03-04 18:27:07','2025-03-04 18:27:07'),(1,2500,NULL,'87289088-a70e-451e-a354-2713acfac6e4',NULL,NULL,'0368de5b-bb9c-49d2-b640-4774f7183b53','017affd3-4e06-4e8e-a2c2-a62a09361445','2025-03-03 15:16:15','2025-03-03 15:16:15'),(2,3000,NULL,'b6b9786c-add7-49b7-a0c7-3be77464dbff',NULL,NULL,'cb6581f9-7d13-489e-8bf3-306ec4b51650','01f98510-4ee6-4c6a-9d6b-01be124afc88','2025-03-02 18:38:37','2025-03-02 18:38:37'),(1,1500,NULL,'54e5b3aa-2c2a-4f3a-aede-7af6b0387455',NULL,NULL,'2c48fd87-f0cf-43cc-a758-404e1d138626','02e779d6-be64-4aab-89e0-72a5f7686235','2025-03-03 15:12:21','2025-03-03 15:12:21'),(1,800,NULL,'47fa717d-d170-4122-9649-129c5a9def9b',NULL,NULL,'45641d15-1c9b-49f2-b1f8-7b25d3f39e61','056bc22b-fbab-49d9-8047-3da67f906fa7','2025-03-03 13:19:22','2025-03-03 13:19:22'),(2,1000,NULL,'ffa4e89c-3cf6-4e95-9075-f8e6d8563a94',NULL,NULL,'d2fb14de-3bf4-4ccc-8a4f-90a8d2cb1689','07b90201-b8ba-4402-abb6-27488d1d0224','2025-03-02 18:29:39','2025-03-02 18:29:39'),(1,800,NULL,'47fa717d-d170-4122-9649-129c5a9def9b',NULL,NULL,'0368de5b-bb9c-49d2-b640-4774f7183b53','0920feea-44c7-453b-9b55-adf21a2cc481','2025-03-03 15:16:15','2025-03-03 15:16:15'),(1,2500,NULL,'e7bf45be-f246-42f5-810e-0c391e0f9012',NULL,NULL,'f9df944a-c271-443c-974b-fc7e51d9fa5d','09db9620-e0fc-4b8e-8c64-b423fc5dfba3','2025-03-04 20:57:33','2025-03-04 20:57:33'),(1,1000,NULL,'d0fa8817-5972-4895-b891-a9a17953b685',NULL,NULL,'cba21bae-cd7a-4c3e-978c-f7e522598e23','09de7d3b-3720-4b19-9062-3656bde65a39','2025-03-04 20:20:34','2025-03-04 20:20:34'),(1,500,NULL,'ffa4e89c-3cf6-4e95-9075-f8e6d8563a94',NULL,NULL,'fba3d816-889f-49c9-a115-b9ef48b5bf02','0b67d1e5-7dbc-4d9a-9b07-0d4fe4300b99','2025-03-03 15:33:54','2025-03-03 15:33:54'),(1,500,NULL,'ffa4e89c-3cf6-4e95-9075-f8e6d8563a94',NULL,NULL,'3ba9d63f-dff7-46f8-b6b5-cce30ab8ac96','0b7f6b0e-08f2-42f4-aa37-2757cd58bb17','2025-03-02 18:40:34','2025-03-02 18:40:34'),(5,5000,NULL,NULL,'301b3752-f86f-4ee4-a04a-cc5e32f9dcef',NULL,'afbbcb2b-9d69-4057-9ade-fe8c910975e5','0e312f43-9815-4ef1-bcd7-05bbe84e9ba7','2025-03-03 19:07:28','2025-03-03 19:07:28'),(1,500,NULL,'ffa4e89c-3cf6-4e95-9075-f8e6d8563a94',NULL,NULL,'64fb3a8e-ebab-4e16-add0-4dcd2a82a497','1247d762-722e-4392-93c5-aff7575f78ff','2025-03-04 19:01:12','2025-03-04 19:01:12'),(1,800,NULL,'0f89c942-9c7b-4f34-9084-23f9e45069ea',NULL,NULL,'9d5cc229-87ad-469d-992a-7d34bb5ca62d','14572372-1539-43c4-9648-fae6bf67d18f','2025-03-01 14:44:55','2025-03-01 14:44:55'),(1,500,NULL,'ffa4e89c-3cf6-4e95-9075-f8e6d8563a94',NULL,NULL,'b867b073-4fcb-49e8-aec8-f0d55cb7bc90','14ce7019-e640-48b1-a114-12b2e9132ad8','2025-03-01 13:34:37','2025-03-01 13:34:37'),(4,4000,NULL,NULL,'301b3752-f86f-4ee4-a04a-cc5e32f9dcef',NULL,'873aee8d-bb53-46cc-861c-0ef08903f656','1b4c1676-7b59-490a-a33f-3d7b8bd19bf8','2025-03-02 19:13:30','2025-03-02 19:13:30'),(3,1500,NULL,'ffa4e89c-3cf6-4e95-9075-f8e6d8563a94',NULL,NULL,'0368de5b-bb9c-49d2-b640-4774f7183b53','1e2aa681-d178-407f-8dff-1648ca227a93','2025-03-03 15:16:15','2025-03-03 15:16:15'),(1,16000,NULL,'55ace78b-11e9-4668-bb9a-0be987662cb6',NULL,NULL,'256184e3-a2b9-4783-a77b-d7a4e730d61d','21c9e011-2565-4bed-aa7c-ed471cba76be','2025-03-01 18:52:05','2025-03-01 18:52:05'),(1,3000,'2abbf445-68b4-42e8-bab0-c8f306d77e45',NULL,NULL,NULL,'008f220a-03c9-4baa-872f-966edc3d29ff','2371e205-1fe9-4435-852a-4a83567dfd5b','2025-03-04 18:15:04','2025-03-04 18:15:04'),(1,700,NULL,'c8eff713-f2b4-4228-a2dc-b008e43dba86',NULL,NULL,'34aa5fd1-da2d-461d-9de4-c3ef19fa2e47','23a1262d-57dd-4295-a38b-c1fa714da486','2025-03-04 18:00:45','2025-03-04 18:00:45'),(1,1300,NULL,'06207553-d0f9-4d1a-8bfb-b95c312e3dfb',NULL,NULL,'c469fb75-d322-4240-8901-064f58cb906b','249ab35e-59b8-4a7e-8a27-218114edc13a','2025-03-03 15:32:25','2025-03-03 15:32:25'),(1,1500,NULL,'ab036b57-2073-4f92-bc9a-e26371a85650',NULL,NULL,'d170669d-7484-4dfd-b9cb-e1ec157e3ad9','24a39de4-28ea-4b78-afa2-c70428244b45','2025-03-03 21:44:09','2025-03-03 21:44:09'),(1,800,NULL,'0f89c942-9c7b-4f34-9084-23f9e45069ea',NULL,NULL,'ce046a37-39f4-458f-a3bc-b599793ea752','25c94e84-88f3-452f-b8af-5f58b384cc7f','2025-03-04 14:02:02','2025-03-04 14:02:02'),(1,1000,NULL,NULL,'301b3752-f86f-4ee4-a04a-cc5e32f9dcef',NULL,'4e90e50d-ae71-4c1a-929b-9e0e034977e6','25e1884f-c354-486e-922d-689cfec18ebf','2025-03-03 21:46:02','2025-03-03 21:46:02'),(1,700,NULL,'3c303f80-20e0-4f85-b5d1-b9019b3a7a0e',NULL,NULL,'903aea45-924f-411d-b1bf-9e4e2b81adcb','287f0fb3-2e68-4219-b8c8-c1679929c867','2025-03-02 18:44:24','2025-03-02 18:44:24'),(1,3000,NULL,'42a296e5-3007-416c-9f8f-9e298d9318b4',NULL,NULL,'44d59797-dd0d-4a6f-bfa4-d54acd5b8398','29060697-3e89-46ab-b723-eea4635a51e2','2025-03-02 18:56:03','2025-03-02 18:56:03'),(1,700,NULL,'3c303f80-20e0-4f85-b5d1-b9019b3a7a0e',NULL,NULL,'42363cfe-ee1e-4a4d-9ed0-61a0a0842d34','29bbb27f-26e7-4ab5-90cd-ce8f035278e9','2025-03-04 17:56:10','2025-03-04 17:56:10'),(1,500,NULL,'ffa4e89c-3cf6-4e95-9075-f8e6d8563a94',NULL,NULL,'beb25835-7ef7-45ac-a6af-306c4dcc4147','29c6ee31-259a-4386-93de-d7d9d4d3d745','2025-03-03 21:03:32','2025-03-03 21:03:32'),(1,800,NULL,'47fa717d-d170-4122-9649-129c5a9def9b',NULL,NULL,'75a7d11f-8195-42a1-a788-be11edece9cd','2c22de59-9a95-4ce5-b333-cdc5d20dc57a','2025-03-02 22:01:47','2025-03-02 22:01:47'),(3,3000,NULL,NULL,'301b3752-f86f-4ee4-a04a-cc5e32f9dcef',NULL,'233a8766-f620-4689-bbbd-1554fe72c48a','2f8a027b-2a97-4498-aa49-2d13738db67b','2025-03-03 20:24:39','2025-03-03 20:24:39'),(1,1000,NULL,NULL,'301b3752-f86f-4ee4-a04a-cc5e32f9dcef',NULL,'949b2f4a-f321-4d1a-a168-2e67976c9cfb','304b628c-ff15-4425-a065-25994fc394b6','2025-03-04 17:42:45','2025-03-04 17:42:45'),(1,3000,'d429cea6-5b7e-46e5-bfc5-0d295c18f9bd',NULL,NULL,NULL,'746728be-6782-4b5c-9eb9-6be1a1515126','30af9188-82ac-4962-96f0-52ba801c26e7','2025-03-04 19:57:12','2025-03-04 19:57:12'),(1,1000,NULL,'404e4e8b-2c45-4796-9a79-cb41740479ff',NULL,NULL,'09d12edd-7030-41a2-acd4-b69e10671ca9','3130169d-24a2-46c4-9e7c-2044b4221793','2025-03-04 14:07:13','2025-03-04 14:07:13'),(1,500,NULL,'ffa4e89c-3cf6-4e95-9075-f8e6d8563a94',NULL,NULL,'cd82f114-4802-4a00-b749-cc0e8c54ce80','31c7f20c-337e-4d8f-b31b-4a3fe2b25027','2025-03-02 19:29:30','2025-03-02 19:29:30'),(1,500,NULL,'ffa4e89c-3cf6-4e95-9075-f8e6d8563a94',NULL,NULL,'f9df944a-c271-443c-974b-fc7e51d9fa5d','3234fe61-2291-45e0-9453-7dcfe2b15350','2025-03-04 20:57:33','2025-03-04 20:57:33'),(2,1000,NULL,'ffa4e89c-3cf6-4e95-9075-f8e6d8563a94',NULL,NULL,'d77bd67f-6486-4bfe-b21a-f459e5678b3f','3370761e-44f4-43da-a790-d8561624823f','2025-03-02 21:52:26','2025-03-02 21:52:26'),(10,10000,NULL,NULL,'301b3752-f86f-4ee4-a04a-cc5e32f9dcef',NULL,'de835994-dd11-4090-ada6-87cc72ab802c','33d93fcb-cdf9-4ef3-ada7-bb6c89334de7','2025-03-01 13:20:36','2025-03-01 13:20:36'),(2,6000,'48022dcf-d789-49f0-be21-21cfa978bdd7',NULL,NULL,NULL,'7bf39b7e-3328-4ee9-ad6c-f196d7f52da9','351c04ca-1fd7-474e-a3b9-bf3d0269643c','2025-03-04 20:50:10','2025-03-04 20:50:10'),(3,3900,NULL,'8f743a6d-7a7a-49b9-9faa-c719dd5398ff',NULL,NULL,'7b343a3e-b63d-4e82-9a16-5e6f9614bbbc','36198493-6e9f-4a11-a5d3-0b5772a7aee3','2025-03-02 18:13:33','2025-03-02 18:13:33'),(1,3000,'48022dcf-d789-49f0-be21-21cfa978bdd7',NULL,NULL,NULL,'7b343a3e-b63d-4e82-9a16-5e6f9614bbbc','3638b111-4e83-42c2-86c0-1f30845f5647','2025-03-02 18:13:33','2025-03-02 18:13:33'),(1,700,NULL,'3c303f80-20e0-4f85-b5d1-b9019b3a7a0e',NULL,NULL,'33fb95a1-c5eb-4cee-87d9-713014cdd8a8','36a4f2ff-d9f4-48c3-b5e0-b9cd7224197b','2025-03-04 14:10:39','2025-03-04 14:10:39'),(2,2000,NULL,NULL,'301b3752-f86f-4ee4-a04a-cc5e32f9dcef',NULL,'4a744670-6fc4-4bbe-8a7e-47f80e80a1e7','37deb450-ea57-4079-a2c4-fdb08611e8c4','2025-03-03 19:22:41','2025-03-03 19:22:41'),(3,1500,NULL,'ffa4e89c-3cf6-4e95-9075-f8e6d8563a94',NULL,NULL,'5926d7b7-f919-4232-8c4a-82ae4c00b5ea','3b2174bc-65b1-4798-8c53-3493c34556c6','2025-03-01 14:40:08','2025-03-01 14:40:08'),(1,700,NULL,'c8eff713-f2b4-4228-a2dc-b008e43dba86',NULL,NULL,'02c670ca-504e-4ac7-89f3-722bea65fdeb','3bcb07d0-058f-4f92-b94a-097441bec6c1','2025-03-02 18:46:42','2025-03-02 18:46:42'),(2,2000,NULL,NULL,'301b3752-f86f-4ee4-a04a-cc5e32f9dcef',NULL,'959d3e14-542e-4f5e-9534-be825f3e01f2','3bcb448c-e710-4fe2-9eb2-aa426a6faab3','2025-03-04 17:57:43','2025-03-04 17:57:43'),(1,700,NULL,'3c303f80-20e0-4f85-b5d1-b9019b3a7a0e',NULL,NULL,'96d6594b-a3e5-44c6-9e15-a91e0b296ae7','3ccfb24c-bb04-4966-af02-907d9a6b52ff','2025-03-01 19:53:41','2025-03-01 19:53:41'),(1,500,NULL,'ffa4e89c-3cf6-4e95-9075-f8e6d8563a94',NULL,NULL,'34aa5fd1-da2d-461d-9de4-c3ef19fa2e47','3d3e5c68-b546-4c83-b885-9992e0d4e25c','2025-03-04 18:00:45','2025-03-04 18:00:45'),(2,1000,NULL,'ffa4e89c-3cf6-4e95-9075-f8e6d8563a94',NULL,NULL,'921efe81-8600-4f48-9077-76e9bbe20576','3f24af7d-c300-4e87-a5bc-d61bb5a05a1f','2025-03-03 15:22:16','2025-03-03 15:22:16'),(1,800,NULL,'0f89c942-9c7b-4f34-9084-23f9e45069ea',NULL,NULL,'6829bd94-b29d-4d1d-be0a-3c012f9ecea7','3f2e3619-b591-4ab2-b57c-b3702bb8d133','2025-03-01 18:47:30','2025-03-01 18:47:30'),(2,1000,NULL,'ffa4e89c-3cf6-4e95-9075-f8e6d8563a94',NULL,NULL,'5a178252-3441-412d-a6c7-5e33e5791dc4','3fc1c3f6-82cb-42d0-85d5-8152ea8a41ba','2025-03-03 21:28:52','2025-03-03 21:28:52'),(1,500,NULL,'ffa4e89c-3cf6-4e95-9075-f8e6d8563a94',NULL,NULL,'4bac2cc6-8290-4ab9-a666-5fdcb63faf76','40f42f3e-ba7d-43bc-91fc-38a854c6785f','2025-03-02 20:25:20','2025-03-02 20:25:20'),(1,500,NULL,'ffa4e89c-3cf6-4e95-9075-f8e6d8563a94',NULL,NULL,'a91c3692-e9f6-4ae6-a539-e0138f434ca1','4134ff4d-e5d8-4e05-a12a-eb5af09cfced','2025-03-02 18:41:10','2025-03-02 18:41:10'),(1,3000,NULL,'42a296e5-3007-416c-9f8f-9e298d9318b4',NULL,NULL,'0f5caa42-6a0b-4fae-98cd-cc50c018ab92','415c4496-d098-4f95-94d5-3bdcbbd3ef66','2025-03-01 18:18:50','2025-03-01 18:18:50'),(1,500,NULL,'ffa4e89c-3cf6-4e95-9075-f8e6d8563a94',NULL,NULL,'9615026b-d74a-496f-b6ac-94c731243279','42dedb33-b01a-4938-9196-18c575d20b52','2025-03-02 22:24:42','2025-03-02 22:24:42'),(3,1500,NULL,'ffa4e89c-3cf6-4e95-9075-f8e6d8563a94',NULL,NULL,'256184e3-a2b9-4783-a77b-d7a4e730d61d','43350b43-4c38-42cf-8ef3-2f8e8bc31edb','2025-03-01 18:52:05','2025-03-01 18:52:05'),(1,1000,NULL,'c1fc9b84-63f8-460a-bdf3-4b2152d398f7',NULL,NULL,'331242c4-5f35-4c6d-8e62-bb8103fda917','43f72887-8a4f-47ba-83dd-fb104effdd3c','2025-03-04 13:35:11','2025-03-04 13:35:11'),(1,500,NULL,'ffa4e89c-3cf6-4e95-9075-f8e6d8563a94',NULL,NULL,'37dde8d1-e801-423f-91fb-e29cbaf188da','44b0819c-df51-436c-a522-a6603cd44095','2025-03-03 20:28:45','2025-03-03 20:28:45'),(2,2000,NULL,NULL,'301b3752-f86f-4ee4-a04a-cc5e32f9dcef',NULL,'d38df74c-0b61-47d2-8d47-d87c250b399c','465d7c3a-0b2e-426d-8482-a1391d3cc2ab','2025-03-02 18:42:21','2025-03-02 18:42:21'),(1,2000,NULL,'566a1cee-957f-4759-99ad-e5e6ca550540',NULL,NULL,'3506d985-363d-4a9f-b1af-bfb75cde2ac4','469d2e2f-5ad2-430c-8342-722d8b241e77','2025-03-03 23:29:05','2025-03-03 23:29:05'),(2,6000,'2abbf445-68b4-42e8-bab0-c8f306d77e45',NULL,NULL,NULL,'7b343a3e-b63d-4e82-9a16-5e6f9614bbbc','46f06ca9-104c-4344-90b7-83f13f7c9170','2025-03-02 18:13:33','2025-03-02 18:13:33'),(2,2000,NULL,'6515121d-91c2-4835-bc34-0d244e5687cb',NULL,NULL,'11f116a8-9ac1-4a42-9611-c65e705d924b','47c68279-fcbe-423d-80a6-cfcabf632b11','2025-03-04 20:13:58','2025-03-04 20:13:58'),(1,700,NULL,'3c303f80-20e0-4f85-b5d1-b9019b3a7a0e',NULL,NULL,'ba9655f4-86c3-4242-b400-254df7f3be87','4abbf10a-758f-4a68-bf82-7bbf73a14a9b','2025-03-02 20:11:38','2025-03-02 20:11:38'),(3,3000,NULL,NULL,'301b3752-f86f-4ee4-a04a-cc5e32f9dcef',NULL,'fcacbb0e-c127-4588-9889-65461ddccdfd','4ac21b5a-e8fc-4c0c-a8fa-223496ba7eab','2025-03-04 17:14:19','2025-03-04 17:14:19'),(5,2500,NULL,'ffa4e89c-3cf6-4e95-9075-f8e6d8563a94',NULL,NULL,'c8eb03e4-275d-4ede-9a63-572319a65c2d','4c608bea-15b5-4c3e-a61a-03b987ea12ae','2025-03-03 21:04:41','2025-03-03 21:04:41'),(1,1000,NULL,NULL,'301b3752-f86f-4ee4-a04a-cc5e32f9dcef',NULL,'5d3bcd76-7d37-4065-bcac-0c7cee6ecc86','4cd1334f-784e-4a47-9fe5-c314826c23c8','2025-03-03 20:24:59','2025-03-03 20:24:59'),(1,700,NULL,'3c303f80-20e0-4f85-b5d1-b9019b3a7a0e',NULL,NULL,'a7122512-8bf8-461e-a1a6-cbf0becb4dec','4ebeaabb-569c-4810-909a-e407f3c6d110','2025-03-01 16:56:46','2025-03-01 16:56:46'),(1,500,NULL,'ffa4e89c-3cf6-4e95-9075-f8e6d8563a94',NULL,NULL,'7b343a3e-b63d-4e82-9a16-5e6f9614bbbc','4ef7c8ac-3390-4b52-83e9-d5db51ec770a','2025-03-02 18:13:33','2025-03-02 18:13:33'),(2,1000,NULL,'ffa4e89c-3cf6-4e95-9075-f8e6d8563a94',NULL,NULL,'a61c6932-de76-4c9c-9b20-22e13d28ed6f','4f114832-907c-42f7-b4d9-0842d86d84a9','2025-03-02 18:33:19','2025-03-02 18:33:19'),(2,5000,NULL,'e7bf45be-f246-42f5-810e-0c391e0f9012',NULL,NULL,'ed6dadc3-23bf-4e79-add0-db154340bbd6','500a21d6-3d24-4631-9099-2f472b6043dc','2025-03-04 20:11:12','2025-03-04 20:11:12'),(1,500,NULL,'ffa4e89c-3cf6-4e95-9075-f8e6d8563a94',NULL,NULL,'f6a31b7b-09b2-4023-9422-3045d13223f3','51176805-2471-48c3-b9a6-2401c0861a32','2025-03-03 18:20:55','2025-03-03 18:20:55'),(1,500,NULL,'ffa4e89c-3cf6-4e95-9075-f8e6d8563a94',NULL,NULL,'5cfa3dfe-5dda-4a0c-a5e2-a28fc7822193','511fbec6-c395-4828-a0d2-eced469bd516','2025-03-04 14:03:31','2025-03-04 14:03:31'),(2,1000,NULL,'ffa4e89c-3cf6-4e95-9075-f8e6d8563a94',NULL,NULL,'bc89f730-9ba5-4f33-82ae-f7c6cfb53426','51267130-3862-4af1-8daa-bffa39b03ed0','2025-03-03 15:30:19','2025-03-03 15:30:19'),(1,500,NULL,'ffa4e89c-3cf6-4e95-9075-f8e6d8563a94',NULL,NULL,'7cb6d5c3-f696-447e-a88b-d52652d03de0','5198bd81-787c-4b45-a4b0-018d71234e29','2025-03-03 21:08:27','2025-03-03 21:08:27'),(1,700,NULL,'3c303f80-20e0-4f85-b5d1-b9019b3a7a0e',NULL,NULL,'3775d77e-4487-436c-ad54-9220d77a6e30','52e4d878-d26a-407f-9c6d-63cfcaf80249','2025-03-03 17:57:10','2025-03-03 17:57:10'),(1,800,NULL,'47fa717d-d170-4122-9649-129c5a9def9b',NULL,NULL,'c8eb03e4-275d-4ede-9a63-572319a65c2d','53e509bc-30b4-4776-94c1-70fba88775af','2025-03-03 21:04:41','2025-03-03 21:04:41'),(2,1600,NULL,'47fa717d-d170-4122-9649-129c5a9def9b',NULL,NULL,'f7e63c1c-e516-4773-a79f-2bab528b80db','548b5332-2434-4534-a742-1ff966b878f7','2025-03-04 13:55:50','2025-03-04 13:55:50'),(1,700,NULL,'3c303f80-20e0-4f85-b5d1-b9019b3a7a0e',NULL,NULL,'d77bd67f-6486-4bfe-b21a-f459e5678b3f','54fe05d0-e1a0-4a31-a849-c92f1307b460','2025-03-02 21:52:26','2025-03-02 21:52:26'),(2,5000,'5d00be09-3327-4ae8-841d-35b991517ab8',NULL,NULL,NULL,'921efe81-8600-4f48-9077-76e9bbe20576','5674f351-7e7e-476a-8a46-a1e2b92494ea','2025-03-03 15:22:16','2025-03-03 15:22:16'),(2,6000,'48022dcf-d789-49f0-be21-21cfa978bdd7',NULL,NULL,NULL,'09d12edd-7030-41a2-acd4-b69e10671ca9','56e2e67a-f7e9-4e73-be02-09e1db25aa72','2025-03-04 14:07:13','2025-03-04 14:07:13'),(3,7500,NULL,'e7bf45be-f246-42f5-810e-0c391e0f9012',NULL,NULL,'42363cfe-ee1e-4a4d-9ed0-61a0a0842d34','577b0122-df23-4609-9c71-b5c7b8f432ea','2025-03-04 17:56:10','2025-03-04 17:56:10'),(1,500,NULL,'ffa4e89c-3cf6-4e95-9075-f8e6d8563a94',NULL,NULL,'2b6f1bee-1862-4fd1-8988-3fa620c5c150','585c7ccc-95a2-41c7-9f76-e748bfcd5602','2025-03-02 20:10:49','2025-03-02 20:10:49'),(1,800,NULL,'47fa717d-d170-4122-9649-129c5a9def9b',NULL,NULL,'921efe81-8600-4f48-9077-76e9bbe20576','58c87466-303a-46dc-bc89-9621ecd0450e','2025-03-03 15:22:16','2025-03-03 15:22:16'),(1,500,NULL,'ffa4e89c-3cf6-4e95-9075-f8e6d8563a94',NULL,NULL,'72d0f9d2-e4b5-48fd-9995-6736e4e0da2f','5b92b50b-bf2b-4bfb-8fa0-3f2201e17125','2025-03-03 21:11:42','2025-03-03 21:11:42'),(1,1000,NULL,'c1fc9b84-63f8-460a-bdf3-4b2152d398f7',NULL,NULL,'0368de5b-bb9c-49d2-b640-4774f7183b53','5c120972-4977-45cd-89c1-79fa5e239f23','2025-03-03 15:16:15','2025-03-03 15:16:15'),(1,2500,NULL,'87289088-a70e-451e-a354-2713acfac6e4',NULL,NULL,'8da5ed36-321b-4f7e-8650-d7c9a1a9cfc2','5cfb5c3f-a87b-4b2f-ac49-bfe88377af0e','2025-03-02 18:48:59','2025-03-02 18:48:59'),(3,3000,NULL,NULL,'301b3752-f86f-4ee4-a04a-cc5e32f9dcef',NULL,'0b0ec1d5-ca88-4f09-b25c-5c73c2a5443e','5dff3486-d43b-4c7b-8d41-07959514b1db','2025-03-01 15:42:22','2025-03-01 15:42:22'),(3,3000,NULL,'d0fa8817-5972-4895-b891-a9a17953b685',NULL,NULL,'0678b405-74bd-40ad-be50-59f76de426f2','5f73224b-7900-4d7a-affb-70fcb004ee4c','2025-03-04 18:30:20','2025-03-04 18:30:20'),(1,500,NULL,'ffa4e89c-3cf6-4e95-9075-f8e6d8563a94',NULL,NULL,'ae307649-5eb5-4042-bb66-5656d5a0bbe1','60c6c0af-0ea0-4c91-95d4-d2a852aad404','2025-03-03 21:11:28','2025-03-03 21:11:28'),(1,2000,NULL,'5d1b8776-e4b7-42a4-929c-15c8327ad319',NULL,NULL,'e6fd59c9-ae6c-42c6-9906-08566046e0b1','60e4c83c-bcf4-41b0-9352-a3363d1d6a5f','2025-03-04 17:51:21','2025-03-04 17:51:21'),(1,500,NULL,'ffa4e89c-3cf6-4e95-9075-f8e6d8563a94',NULL,NULL,'1b079514-39e8-4626-a598-2d21925f9b70','614ebea7-61f9-4706-b70f-7200a9f0d709','2025-03-02 18:40:05','2025-03-02 18:40:05'),(2,3000,NULL,'dd4008e9-5e43-4211-a1fa-91b2d7359526',NULL,NULL,'11f116a8-9ac1-4a42-9611-c65e705d924b','635cba4b-e3e8-41af-98b3-6c231ed97647','2025-03-04 20:13:58','2025-03-04 20:13:58'),(1,1000,NULL,'6515121d-91c2-4835-bc34-0d244e5687cb',NULL,NULL,'42363cfe-ee1e-4a4d-9ed0-61a0a0842d34','6483d76c-8b47-436d-b6ca-488fdc857286','2025-03-04 17:56:10','2025-03-04 17:56:10'),(3,3000,NULL,NULL,'301b3752-f86f-4ee4-a04a-cc5e32f9dcef',NULL,'aeb0b90a-1fdb-4c3b-864f-4567aae60e34','64faa152-9f02-47ec-9b5b-9791cd442654','2025-03-03 12:55:27','2025-03-03 12:55:27'),(1,500,NULL,'ffa4e89c-3cf6-4e95-9075-f8e6d8563a94',NULL,NULL,'774ed39a-b9a5-4b40-9676-7aaf3b96a48d','6c1f6883-79de-40ce-bf4f-37c55b599d35','2025-03-02 18:39:38','2025-03-02 18:39:38'),(1,800,NULL,'47fa717d-d170-4122-9649-129c5a9def9b',NULL,NULL,'661c36cd-92a5-4824-adcf-d2923cf0780c','6e156fe2-560f-404e-93ba-4029435ded13','2025-03-03 22:53:55','2025-03-03 22:53:55'),(5,5000,NULL,NULL,'301b3752-f86f-4ee4-a04a-cc5e32f9dcef',NULL,'69dd7402-4d2e-4026-80a6-ee40003a0d00','728397a3-b3e3-47ce-91e9-383d9e856271','2025-03-02 21:56:58','2025-03-02 21:56:58'),(1,800,NULL,'47fa717d-d170-4122-9649-129c5a9def9b',NULL,NULL,'5befb166-4b54-4ac8-a819-e5a9431da1f8','7338f55e-715d-49f9-b35a-c6c12426669d','2025-03-01 14:20:40','2025-03-01 14:20:40'),(2,1000,NULL,'ffa4e89c-3cf6-4e95-9075-f8e6d8563a94',NULL,NULL,'0f9b95c0-fd94-4038-8a74-ff7d1fd086c3','7396a0e5-2e6b-426d-87b0-36f3f776aa3e','2025-03-03 12:53:19','2025-03-03 12:53:19'),(1,500,NULL,'ffa4e89c-3cf6-4e95-9075-f8e6d8563a94',NULL,NULL,'fcacbb0e-c127-4588-9889-65461ddccdfd','74296743-bac7-43c7-a65f-df7803146017','2025-03-04 17:14:19','2025-03-04 17:14:19'),(2,1000,NULL,'ffa4e89c-3cf6-4e95-9075-f8e6d8563a94',NULL,NULL,'812877d8-e30e-41cc-b27d-545a6bc85519','754da3fb-3574-44a0-8534-abd4cb1d24d6','2025-03-03 19:57:53','2025-03-03 19:57:53'),(1,500,NULL,'ffa4e89c-3cf6-4e95-9075-f8e6d8563a94',NULL,NULL,'8a1a79d5-2d4d-4ef9-a6e1-13a064288f60','7639fb65-583e-4f18-b59e-cd7d8152c262','2025-03-03 20:43:53','2025-03-03 20:43:53'),(1,800,NULL,'0f89c942-9c7b-4f34-9084-23f9e45069ea',NULL,NULL,'16e51e5f-a831-4ae3-a585-a471ac039d46','7969ee99-e9b4-4939-8294-11bdb531fc84','2025-03-04 14:09:52','2025-03-04 14:09:52'),(1,500,NULL,'ffa4e89c-3cf6-4e95-9075-f8e6d8563a94',NULL,NULL,'1d486eeb-a18d-4e1a-b4f4-400e6cb48bcc','797cd86c-d78e-42e8-90fc-c76f2f8e36a1','2025-03-03 21:03:54','2025-03-03 21:03:54'),(1,5000,'de6e63bf-2b19-4dfb-bf89-02dfca8d1f70',NULL,NULL,NULL,'9d5cc229-87ad-469d-992a-7d34bb5ca62d','7a038edb-7a34-4544-98af-e08511697246','2025-03-01 14:44:55','2025-03-01 14:44:55'),(1,700,NULL,'3c303f80-20e0-4f85-b5d1-b9019b3a7a0e',NULL,NULL,'b783feee-3dcf-444a-9d31-9e6759684cea','7c2532f8-1243-4057-a8ad-9ade5471b881','2025-03-03 15:26:37','2025-03-03 15:26:37'),(1,1000,NULL,NULL,'301b3752-f86f-4ee4-a04a-cc5e32f9dcef',NULL,'d170669d-7484-4dfd-b9cb-e1ec157e3ad9','7e8f3ce6-faaa-410e-93e1-b606dac6226a','2025-03-03 21:44:09','2025-03-03 21:44:09'),(4,8000,NULL,'5d1b8776-e4b7-42a4-929c-15c8327ad319',NULL,NULL,'d2fb14de-3bf4-4ccc-8a4f-90a8d2cb1689','7fa1444f-5033-4861-8df2-9bf3c95d72e6','2025-03-02 18:29:39','2025-03-02 18:29:39'),(1,500,NULL,'ffa4e89c-3cf6-4e95-9075-f8e6d8563a94',NULL,NULL,'d49317ca-5f4f-4a19-a0fc-511d7f437a25','7fd12b3c-9be0-4bc4-ab52-11613a4e5e3f','2025-03-04 13:47:56','2025-03-04 13:47:56'),(2,1000,NULL,'ffa4e89c-3cf6-4e95-9075-f8e6d8563a94',NULL,NULL,'46d43c9b-f307-49ba-be3f-19a3ac6079e6','8038e500-0fb9-4965-bef6-6819cfc22136','2025-03-04 18:13:21','2025-03-04 18:13:21'),(1,1500,NULL,'54e5b3aa-2c2a-4f3a-aede-7af6b0387455',NULL,NULL,'16e51e5f-a831-4ae3-a585-a471ac039d46','80624da3-660c-48f3-8194-d79538c59ecc','2025-03-04 14:09:52','2025-03-04 14:09:52'),(1,2000,NULL,'566a1cee-957f-4759-99ad-e5e6ca550540',NULL,NULL,'77b55187-1794-433a-ad56-ea2cf864a1a7','81527ade-e473-49e1-ac3e-a0c72d385af9','2025-03-03 21:02:34','2025-03-03 21:02:34'),(1,700,NULL,'c8eff713-f2b4-4228-a2dc-b008e43dba86',NULL,NULL,'8e6da6d1-20ed-4df9-8e00-92beee0e922c','81afa55a-f21f-4afe-84b6-9ec1203529a4','2025-03-03 17:27:08','2025-03-03 17:27:08'),(1,500,NULL,'ffa4e89c-3cf6-4e95-9075-f8e6d8563a94',NULL,NULL,'3cd97db4-2147-4221-9bf8-54d4577adfd8','83d3cc8d-d0a9-44b7-ab88-6004bc327433','2025-03-02 20:10:19','2025-03-02 20:10:19'),(1,1500,NULL,'b6b9786c-add7-49b7-a0c7-3be77464dbff',NULL,NULL,'d3c74bb9-f397-49bb-a18e-f14e56abd205','864170bb-65bc-4de2-a32b-418109d683d3','2025-03-04 17:09:16','2025-03-04 17:09:16'),(2,6000,'2abbf445-68b4-42e8-bab0-c8f306d77e45',NULL,NULL,NULL,'db979da8-e58f-482e-89fd-7ef6ad3cfe46','864dbe98-a6a9-44e6-894e-73a33edf4b1c','2025-03-02 18:31:06','2025-03-02 18:31:06'),(1,500,NULL,'ffa4e89c-3cf6-4e95-9075-f8e6d8563a94',NULL,NULL,'2b3c1d40-58d4-4c60-b481-0cacdeafa6e9','87ba4e87-6428-4556-a8f1-3df3d764b691','2025-03-03 21:08:09','2025-03-03 21:08:09'),(2,1000,NULL,'ffa4e89c-3cf6-4e95-9075-f8e6d8563a94',NULL,NULL,'dcf1549d-de0d-4ca3-bed4-f6ee666c5ec6','882a21f0-238d-426e-82bb-fdf313026201','2025-03-02 21:51:26','2025-03-02 21:51:26'),(1,1300,NULL,'8f743a6d-7a7a-49b9-9faa-c719dd5398ff',NULL,NULL,'fcacbb0e-c127-4588-9889-65461ddccdfd','88f9cd7d-9480-4036-9cad-012a70efb0b0','2025-03-04 17:14:19','2025-03-04 17:14:19'),(4,4000,NULL,NULL,'301b3752-f86f-4ee4-a04a-cc5e32f9dcef',NULL,'1e05742b-da73-4237-900c-7ba3e0e7680b','89607009-c89e-44a0-9a60-1564c9dd3cff','2025-03-04 17:05:34','2025-03-04 17:05:34'),(2,5000,NULL,'3c822ab4-bd70-4883-9be8-6bed9efd841c',NULL,NULL,'a138e38f-9172-468d-b778-65a32de84841','8ca7e8c9-47d3-4707-bc1e-411527271011','2025-03-03 15:19:11','2025-03-03 15:19:11'),(1,1300,NULL,'06207553-d0f9-4d1a-8bfb-b95c312e3dfb',NULL,NULL,'804df732-c0e9-4db2-911f-fb685668b8b1','8cbfd15d-79e9-4204-91c8-47eb27191e3b','2025-03-04 17:47:19','2025-03-04 17:47:19'),(1,500,NULL,'ffa4e89c-3cf6-4e95-9075-f8e6d8563a94',NULL,NULL,'785f31c5-dd70-466d-854f-22a40e66385e','8e790e02-d8df-4976-99e5-79debdf9d2d1','2025-03-03 19:19:45','2025-03-03 19:19:45'),(1,3000,'2abbf445-68b4-42e8-bab0-c8f306d77e45',NULL,NULL,NULL,'921efe81-8600-4f48-9077-76e9bbe20576','8f977efd-7ef5-4b16-b6ad-aa31d635bf29','2025-03-03 15:22:16','2025-03-03 15:22:16'),(1,800,NULL,'0f89c942-9c7b-4f34-9084-23f9e45069ea',NULL,NULL,'2c48fd87-f0cf-43cc-a758-404e1d138626','90f6c68e-8508-40d8-a2e8-596c49cfe64d','2025-03-03 15:12:21','2025-03-03 15:12:21'),(1,3000,NULL,'42a296e5-3007-416c-9f8f-9e298d9318b4',NULL,NULL,'a61c6932-de76-4c9c-9b20-22e13d28ed6f','91c99d7f-be24-4115-a09f-f464a4084073','2025-03-02 18:33:19','2025-03-02 18:33:19'),(1,3500,NULL,'a85ed1a5-a413-427b-8dc9-5fed6a1d17b3',NULL,NULL,'1848d388-14c1-45e6-8d66-cfb487cb301f','93d71979-d291-466a-9c75-581b4989209f','2025-03-01 15:52:45','2025-03-01 15:52:45'),(1,2000,NULL,'6b85ce7d-062d-4188-b49f-b50617482d7e',NULL,NULL,'9b42852e-2e59-4e24-a268-28a017b61262','93db7077-c36b-45cb-be59-1ec1d4d07364','2025-03-03 23:10:35','2025-03-03 23:10:35'),(1,500,NULL,'ffa4e89c-3cf6-4e95-9075-f8e6d8563a94',NULL,NULL,'846cce2f-43ea-4c6d-ba9a-6af66ae8415c','99b97cb3-5d75-47c3-bc5f-e4b1a39f3e9b','2025-03-02 18:40:22','2025-03-02 18:40:22'),(2,5000,NULL,'e7bf45be-f246-42f5-810e-0c391e0f9012',NULL,NULL,'0678b405-74bd-40ad-be50-59f76de426f2','99fee141-16a2-4ad4-8211-822498b67466','2025-03-04 18:30:20','2025-03-04 18:30:20'),(2,6000,'2abbf445-68b4-42e8-bab0-c8f306d77e45',NULL,NULL,NULL,'7bf39b7e-3328-4ee9-ad6c-f196d7f52da9','9b8e56a3-0bba-4c12-afcc-183a192305ce','2025-03-04 20:50:10','2025-03-04 20:50:10'),(1,800,NULL,'0f89c942-9c7b-4f34-9084-23f9e45069ea',NULL,NULL,'6f12e789-c2a4-4e6e-96e6-1288612e19d1','9c532f07-23f8-4ebe-a7bd-ca3b7b10c218','2025-03-02 20:20:37','2025-03-02 20:20:37'),(1,1000,NULL,NULL,'301b3752-f86f-4ee4-a04a-cc5e32f9dcef',NULL,'bdd89a09-2d6b-42ff-ba1a-7c4be065efe4','9c73f885-420d-44eb-b6b9-06d9d9ed668b','2025-03-01 13:24:34','2025-03-01 13:24:34'),(2,6000,'2abbf445-68b4-42e8-bab0-c8f306d77e45',NULL,NULL,NULL,'09d12edd-7030-41a2-acd4-b69e10671ca9','9ca84aa1-ffbf-436f-bcd1-1161589befe2','2025-03-04 14:07:13','2025-03-04 14:07:13'),(2,1000,NULL,'ffa4e89c-3cf6-4e95-9075-f8e6d8563a94',NULL,NULL,'aedaa404-f4c7-4c85-ab4b-216b7a31f508','9cd15025-67b6-4dc3-99c9-744bc97d90ce','2025-03-03 16:03:05','2025-03-03 16:03:05'),(1,1000,NULL,'404e4e8b-2c45-4796-9a79-cb41740479ff',NULL,NULL,'93a8738c-ce99-43b8-aa54-9bad16c8d5c5','9dc5386f-cb82-4eb4-90f1-983838528af1','2025-03-04 14:09:01','2025-03-04 14:09:01'),(2,3000,NULL,'54e5b3aa-2c2a-4f3a-aede-7af6b0387455',NULL,NULL,'a820fe51-d9a8-462d-a718-1cb961974947','9ff07776-fc7c-4bbd-8d96-f2c0d9fb704c','2025-03-02 18:46:14','2025-03-02 18:46:14'),(1,2500,NULL,'3c822ab4-bd70-4883-9be8-6bed9efd841c',NULL,NULL,'582fdf98-6e47-4a2c-b2a4-5319a389c9b6','a0afef76-ae85-4048-9553-d75afe022145','2025-03-03 23:29:43','2025-03-03 23:29:43'),(1,800,NULL,'47fa717d-d170-4122-9649-129c5a9def9b',NULL,NULL,'b05d3f10-2ac8-485f-ae85-de66e955c572','a0f94890-b515-45e8-b809-1162bf62cab4','2025-03-04 13:45:42','2025-03-04 13:45:42'),(2,1000,NULL,'ffa4e89c-3cf6-4e95-9075-f8e6d8563a94',NULL,NULL,'162443a2-dc3e-4c73-815c-f7abfced3a7a','a1f000d4-90d9-465c-aeb9-38ff3317569a','2025-03-02 20:12:15','2025-03-02 20:12:15'),(1,500,NULL,'ffa4e89c-3cf6-4e95-9075-f8e6d8563a94',NULL,NULL,'dc2c0883-6fb7-4b5c-a954-c7b0cd0df859','a260b60a-c292-49aa-a54e-dd7151798c96','2025-03-03 15:10:23','2025-03-03 15:10:23'),(1,1000,NULL,'404e4e8b-2c45-4796-9a79-cb41740479ff',NULL,NULL,'7774db8f-8551-4cd4-ad8f-2f26c31fb518','a2c0c109-8678-4e6a-8312-58cbe76d0a46','2025-03-02 18:47:19','2025-03-02 18:47:19'),(1,500,NULL,'ffa4e89c-3cf6-4e95-9075-f8e6d8563a94',NULL,NULL,'07be1ca9-9a23-4cd9-8be1-382f2f05a39f','a34f6153-c680-4c89-bb58-5f0ab7aca577','2025-03-04 14:01:05','2025-03-04 14:01:05'),(1,2500,NULL,'e7bf45be-f246-42f5-810e-0c391e0f9012',NULL,NULL,'d2fb14de-3bf4-4ccc-8a4f-90a8d2cb1689','a36dfd49-5376-4bab-bf3d-a15e3088f628','2025-03-02 18:29:39','2025-03-02 18:29:39'),(3,4500,NULL,'54e5b3aa-2c2a-4f3a-aede-7af6b0387455',NULL,NULL,'cb6581f9-7d13-489e-8bf3-306ec4b51650','a4c27094-b1cf-4b12-9dcc-0bc65c3b4cfd','2025-03-02 18:38:37','2025-03-02 18:38:37'),(2,2000,NULL,NULL,'301b3752-f86f-4ee4-a04a-cc5e32f9dcef',NULL,'edb9ad3d-d374-45e9-a7dc-f93074f8c2e4','a4c45ffa-02d6-46ef-8038-b12d60f951b2','2025-03-04 17:58:21','2025-03-04 17:58:21'),(2,2000,NULL,NULL,'301b3752-f86f-4ee4-a04a-cc5e32f9dcef',NULL,'db979da8-e58f-482e-89fd-7ef6ad3cfe46','a4e8abe5-61e2-45cf-a3f4-2baff141feae','2025-03-02 18:31:06','2025-03-02 18:31:06'),(1,3000,'48022dcf-d789-49f0-be21-21cfa978bdd7',NULL,NULL,NULL,'64fb3a8e-ebab-4e16-add0-4dcd2a82a497','a6876f12-eff1-4ce9-938c-8a8313341baf','2025-03-04 19:01:12','2025-03-04 19:01:12'),(1,800,NULL,'47fa717d-d170-4122-9649-129c5a9def9b',NULL,NULL,'9046f546-a7b8-4315-9684-8bc9ef1de20e','a69a05a6-2f1c-40cb-a4fe-a5e0738e7af8','2025-03-04 13:52:56','2025-03-04 13:52:56'),(1,1500,NULL,'ab036b57-2073-4f92-bc9a-e26371a85650',NULL,NULL,'a3bd44af-8a9e-4320-b3d6-984a0e75c2d5','a73582a9-d307-42b7-838d-933918fc9366','2025-03-03 23:19:54','2025-03-03 23:19:54'),(1,800,NULL,'0f89c942-9c7b-4f34-9084-23f9e45069ea',NULL,NULL,'997dfc6a-1caa-4586-9f7c-bd08cc01011d','a7e5eceb-5ca9-4e69-a5a9-3a9823a181d5','2025-03-02 18:45:18','2025-03-02 18:45:18'),(1,1000,NULL,'c1fc9b84-63f8-460a-bdf3-4b2152d398f7',NULL,NULL,'39a3b3c7-ea6c-49c6-b93f-1171e2db0159','aa20fd6f-4fdf-4e54-838b-a36394b999c5','2025-03-02 18:47:59','2025-03-02 18:47:59'),(1,1300,NULL,'8f743a6d-7a7a-49b9-9faa-c719dd5398ff',NULL,NULL,'2c48fd87-f0cf-43cc-a758-404e1d138626','abdafca6-64fd-4007-99c8-4fcbffff73ce','2025-03-03 15:12:21','2025-03-03 15:12:21'),(1,3000,'2abbf445-68b4-42e8-bab0-c8f306d77e45',NULL,NULL,NULL,'64fb3a8e-ebab-4e16-add0-4dcd2a82a497','ac73ec07-fa96-47d6-a81c-b7ed9e566b2d','2025-03-04 19:01:12','2025-03-04 19:01:12'),(2,6000,'48022dcf-d789-49f0-be21-21cfa978bdd7',NULL,NULL,NULL,'db979da8-e58f-482e-89fd-7ef6ad3cfe46','ace05363-9ecc-4564-8b77-37d19274f597','2025-03-02 18:31:06','2025-03-02 18:31:06'),(1,700,NULL,'3c303f80-20e0-4f85-b5d1-b9019b3a7a0e',NULL,NULL,'db4ec69c-c180-45f6-85ae-60a74ba71bdb','ad59db0e-9dbc-4c0e-9803-4dee4d2cec33','2025-03-01 18:20:22','2025-03-01 18:20:22'),(1,500,NULL,'ffa4e89c-3cf6-4e95-9075-f8e6d8563a94',NULL,NULL,'d3c74bb9-f397-49bb-a18e-f14e56abd205','af3d0965-a555-4d2d-b78f-83db0df1db11','2025-03-04 17:09:16','2025-03-04 17:09:16'),(1,500,NULL,'ffa4e89c-3cf6-4e95-9075-f8e6d8563a94',NULL,NULL,'bdd89a09-2d6b-42ff-ba1a-7c4be065efe4','b173c952-5fee-4447-b539-9de43f79dde4','2025-03-01 13:24:34','2025-03-01 13:24:34'),(1,500,NULL,'ffa4e89c-3cf6-4e95-9075-f8e6d8563a94',NULL,NULL,'db979da8-e58f-482e-89fd-7ef6ad3cfe46','b242317c-9e2b-47d7-94d1-ae1da0673b8a','2025-03-02 18:31:06','2025-03-02 18:31:06'),(1,500,NULL,'ffa4e89c-3cf6-4e95-9075-f8e6d8563a94',NULL,NULL,'9d5cc229-87ad-469d-992a-7d34bb5ca62d','b2f47b0d-60d7-4050-b4d8-fd19c7d73ed5','2025-03-01 14:44:55','2025-03-01 14:44:55'),(1,500,NULL,'ffa4e89c-3cf6-4e95-9075-f8e6d8563a94',NULL,NULL,'2a7c0cc6-3aaf-4e97-ab22-1e5d69bb8d50','b4a0414b-e11f-4089-8e63-8d78ec4d7fa1','2025-03-04 13:49:02','2025-03-04 13:49:02'),(1,3000,'48022dcf-d789-49f0-be21-21cfa978bdd7',NULL,NULL,NULL,'008f220a-03c9-4baa-872f-966edc3d29ff','b4b7280e-2c47-4a17-bb09-0a6f859eaa91','2025-03-04 18:15:04','2025-03-04 18:15:04'),(1,500,NULL,'ffa4e89c-3cf6-4e95-9075-f8e6d8563a94',NULL,NULL,'582fdf98-6e47-4a2c-b2a4-5319a389c9b6','b4e1f489-d0f2-436c-80d7-5a426d77412b','2025-03-03 23:29:43','2025-03-03 23:29:43'),(2,2000,NULL,NULL,'301b3752-f86f-4ee4-a04a-cc5e32f9dcef',NULL,'f78d9105-4a89-4b71-9130-7bce8dd5e6d9','b5559462-6161-4fe0-bfd2-1aff4339e633','2025-03-03 19:07:07','2025-03-03 19:07:07'),(1,3000,'48022dcf-d789-49f0-be21-21cfa978bdd7',NULL,NULL,NULL,'6d501170-b35a-470b-8915-ade6207a20df','b77370ae-908d-4638-8dc2-4dba2c61c364','2025-03-04 18:15:44','2025-03-04 18:15:44'),(2,1000,NULL,'ffa4e89c-3cf6-4e95-9075-f8e6d8563a94',NULL,NULL,'f7e63c1c-e516-4773-a79f-2bab528b80db','ba5f3cdb-2479-4c30-86ff-005d3258600d','2025-03-04 13:55:50','2025-03-04 13:55:50'),(2,1000,NULL,'ffa4e89c-3cf6-4e95-9075-f8e6d8563a94',NULL,NULL,'45641d15-1c9b-49f2-b1f8-7b25d3f39e61','baa8735c-381a-46ef-a3d7-aec389e650da','2025-03-03 13:19:22','2025-03-03 13:19:22'),(2,1000,NULL,'ffa4e89c-3cf6-4e95-9075-f8e6d8563a94',NULL,NULL,'b7ed2a4f-cad0-4a67-a09b-7b40b278161f','bb05b0fc-09d0-43f8-9155-97711f21dd57','2025-03-04 17:52:52','2025-03-04 17:52:52'),(1,800,NULL,'47fa717d-d170-4122-9649-129c5a9def9b',NULL,NULL,'149b8c25-8ea7-40e7-8b4b-17d0b6819207','bbb37309-93b5-4590-a784-79e7bea2b183','2025-03-02 18:43:51','2025-03-02 18:43:51'),(1,1500,NULL,'54e5b3aa-2c2a-4f3a-aede-7af6b0387455',NULL,NULL,'f8a92ed9-ddf4-46d2-95ab-0618908daa8d','bcc2c92e-02ee-44f4-9967-f3ba4e331e0a','2025-03-04 17:10:52','2025-03-04 17:10:52'),(1,800,NULL,'0f89c942-9c7b-4f34-9084-23f9e45069ea',NULL,NULL,'f8a92ed9-ddf4-46d2-95ab-0618908daa8d','bd58d2d7-15c7-4db1-989a-3d5cb058142b','2025-03-04 17:10:52','2025-03-04 17:10:52'),(1,1000,NULL,'6515121d-91c2-4835-bc34-0d244e5687cb',NULL,NULL,'0bd5cfa1-6519-4316-b003-71ee1385fa07','bdfd22db-c7b5-4296-9d72-80cb3e050b51','2025-03-02 21:55:31','2025-03-02 21:55:31'),(10,10000,NULL,NULL,'301b3752-f86f-4ee4-a04a-cc5e32f9dcef',NULL,'921efe81-8600-4f48-9077-76e9bbe20576','be65cf9a-07c5-456d-a360-f23a6f9acae0','2025-03-03 15:22:16','2025-03-03 15:22:16'),(2,1000,NULL,'ffa4e89c-3cf6-4e95-9075-f8e6d8563a94',NULL,NULL,'c937cb6e-5a89-4fc5-88ca-0114c3fd91ab','be6c43f3-e49b-467f-9e7f-5f707cbd9a8d','2025-03-04 19:54:58','2025-03-04 19:54:58'),(1,700,NULL,'c8eff713-f2b4-4228-a2dc-b008e43dba86',NULL,NULL,'2b3c1d40-58d4-4c60-b481-0cacdeafa6e9','c06a09a8-4c69-4e93-9c56-74ab3432c622','2025-03-03 21:08:09','2025-03-03 21:08:09'),(1,1000,NULL,'404e4e8b-2c45-4796-9a79-cb41740479ff',NULL,NULL,'89e5f4dc-f5f7-47c0-a98e-f67b00992b0a','c1591ba8-ebff-454e-b0c0-83e547aeef35','2025-03-01 15:53:43','2025-03-01 15:53:43'),(5,2500,NULL,'ffa4e89c-3cf6-4e95-9075-f8e6d8563a94',NULL,NULL,'a138e38f-9172-468d-b778-65a32de84841','c2b1bd7c-8271-4d0e-a660-1882b242e940','2025-03-03 15:19:11','2025-03-03 15:19:11'),(1,500,NULL,'ffa4e89c-3cf6-4e95-9075-f8e6d8563a94',NULL,NULL,'29a67312-d90b-47b0-99ca-340c422e0b84','c35a058e-30ca-4086-afbc-471468a46184','2025-03-02 19:17:08','2025-03-02 19:17:08'),(6,3000,NULL,'ffa4e89c-3cf6-4e95-9075-f8e6d8563a94',NULL,NULL,'19938227-2859-452f-b0f0-a38b5fef2e39','c45e2d98-0230-4179-b11c-0e38752c8cbd','2025-03-02 18:16:20','2025-03-02 18:16:20'),(1,2000,NULL,'6b85ce7d-062d-4188-b49f-b50617482d7e',NULL,NULL,'09d12edd-7030-41a2-acd4-b69e10671ca9','c495b0cc-9057-45ef-853e-52c8ac677aac','2025-03-04 14:07:13','2025-03-04 14:07:13'),(1,800,NULL,'0f89c942-9c7b-4f34-9084-23f9e45069ea',NULL,NULL,'498d583f-dca8-4324-ac68-01306bb30c26','c558d30e-e585-4201-8d9f-2c171893d13c','2025-03-03 15:28:52','2025-03-03 15:28:52'),(2,1000,NULL,'ffa4e89c-3cf6-4e95-9075-f8e6d8563a94',NULL,NULL,'586fd756-4481-43fa-ac09-e8d0810b002c','c6ddde4f-6895-421e-a2cc-ebe56ec7745b','2025-03-02 18:41:32','2025-03-02 18:41:32'),(2,1000,NULL,'ffa4e89c-3cf6-4e95-9075-f8e6d8563a94',NULL,NULL,'804df732-c0e9-4db2-911f-fb685668b8b1','c6eab9ca-d1b0-409a-8b77-c604d51a5ac6','2025-03-04 17:47:19','2025-03-04 17:47:19'),(1,800,NULL,'47fa717d-d170-4122-9649-129c5a9def9b',NULL,NULL,'69462aa8-8eb4-41de-950e-6e89a05d6c5e','c7b35abd-39c4-4a12-ad67-cfa8b2e78c73','2025-03-03 15:09:10','2025-03-03 15:09:10'),(1,800,NULL,'47fa717d-d170-4122-9649-129c5a9def9b',NULL,NULL,'4b8447db-4942-49cb-aca3-c445170f494e','cc4fcdd3-9d8c-43c7-9613-f39517323a95','2025-03-04 19:54:02','2025-03-04 19:54:02'),(5,5000,NULL,NULL,'301b3752-f86f-4ee4-a04a-cc5e32f9dcef',NULL,'522e8a0b-a8f7-4928-8bfc-142593722805','cd5d1d2b-6462-4436-b943-14a00b718d4d','2025-03-03 18:18:15','2025-03-03 18:18:15'),(1,500,NULL,'ffa4e89c-3cf6-4e95-9075-f8e6d8563a94',NULL,NULL,'746728be-6782-4b5c-9eb9-6be1a1515126','d14db3de-f6cf-478c-a3f9-5a2c01f91796','2025-03-04 19:57:12','2025-03-04 19:57:12'),(1,500,NULL,'ffa4e89c-3cf6-4e95-9075-f8e6d8563a94',NULL,NULL,'ec1d6291-c1f6-4ee0-b8ef-524d821cf4bc','d1d0eee5-4aef-4541-bcd4-2c1d6fb85e71','2025-03-03 22:15:55','2025-03-03 22:15:55'),(1,3000,'2abbf445-68b4-42e8-bab0-c8f306d77e45',NULL,NULL,NULL,'391a4017-b35f-4a07-9bbb-4f2e7db1d08e','d30486ef-79a9-4403-b8d0-f034cf59a40e','2025-03-02 18:32:08','2025-03-02 18:32:08'),(1,1500,NULL,'ab036b57-2073-4f92-bc9a-e26371a85650',NULL,NULL,'d3c74bb9-f397-49bb-a18e-f14e56abd205','d34075aa-4b4d-42bc-b8ed-491f62337bcc','2025-03-04 17:09:16','2025-03-04 17:09:16'),(1,500,NULL,'ffa4e89c-3cf6-4e95-9075-f8e6d8563a94',NULL,NULL,'63601646-ad49-43a2-8763-52cd8d319cf8','d35aaacc-c6ec-4b50-bb5a-a34e4609b127','2025-03-03 18:36:51','2025-03-03 18:36:51'),(5,5000,NULL,NULL,'301b3752-f86f-4ee4-a04a-cc5e32f9dcef',NULL,'f8a92ed9-ddf4-46d2-95ab-0618908daa8d','d3b9385f-aeb3-4e75-803d-d5501c92c1e6','2025-03-04 17:10:52','2025-03-04 17:10:52'),(5,5000,NULL,NULL,'301b3752-f86f-4ee4-a04a-cc5e32f9dcef',NULL,'42363cfe-ee1e-4a4d-9ed0-61a0a0842d34','d6e6b8cf-40e5-478d-805a-a786186ba084','2025-03-04 17:56:10','2025-03-04 17:56:10'),(1,500,NULL,'ffa4e89c-3cf6-4e95-9075-f8e6d8563a94',NULL,NULL,'661c36cd-92a5-4824-adcf-d2923cf0780c','d7368eec-272d-4a81-bf20-4420c56c9c59','2025-03-03 22:53:55','2025-03-03 22:53:55'),(1,800,NULL,'0f89c942-9c7b-4f34-9084-23f9e45069ea',NULL,NULL,'661c36cd-92a5-4824-adcf-d2923cf0780c','d751525e-b966-4b67-9245-d61bd1444e01','2025-03-03 22:53:55','2025-03-03 22:53:55'),(1,800,NULL,'47fa717d-d170-4122-9649-129c5a9def9b',NULL,NULL,'a138e38f-9172-468d-b778-65a32de84841','d9b23c21-42e9-426a-a8c0-7de9b1ac7b88','2025-03-03 15:19:11','2025-03-03 15:19:11'),(1,2500,'47cae8df-ffcd-434f-b066-0a4bec7c778f',NULL,NULL,NULL,'7b343a3e-b63d-4e82-9a16-5e6f9614bbbc','daac4604-d638-456b-bac5-acd56d8716c5','2025-03-02 18:13:33','2025-03-02 18:13:33'),(1,500,NULL,'ffa4e89c-3cf6-4e95-9075-f8e6d8563a94',NULL,NULL,'7f6c2aec-dcd0-4bd6-b3da-684634cc8b07','dac068fd-5155-42eb-9a32-ae560bcfce43','2025-03-01 18:42:52','2025-03-01 18:42:52'),(1,3000,'48022dcf-d789-49f0-be21-21cfa978bdd7',NULL,NULL,NULL,'391a4017-b35f-4a07-9bbb-4f2e7db1d08e','dc7214b6-6ab8-483c-aaac-82a4d265481d','2025-03-02 18:32:08','2025-03-02 18:32:08'),(1,3000,'2abbf445-68b4-42e8-bab0-c8f306d77e45',NULL,NULL,NULL,'6d501170-b35a-470b-8915-ade6207a20df','de578b91-73c2-49f6-8130-1e99ab31edb4','2025-03-04 18:15:44','2025-03-04 18:15:44'),(1,500,NULL,'ffa4e89c-3cf6-4e95-9075-f8e6d8563a94',NULL,NULL,'9be42b0b-9f9c-43e2-9c1e-532c3b13406f','df7df82a-4059-41f7-aec6-b4ab8259bc89','2025-03-03 22:06:28','2025-03-03 22:06:28'),(1,800,NULL,'47fa717d-d170-4122-9649-129c5a9def9b',NULL,NULL,'a61c6932-de76-4c9c-9b20-22e13d28ed6f','e50c1f2b-095e-4140-949c-bc7df3209312','2025-03-02 18:33:19','2025-03-02 18:33:19'),(1,1300,NULL,'06207553-d0f9-4d1a-8bfb-b95c312e3dfb',NULL,NULL,'93a8738c-ce99-43b8-aa54-9bad16c8d5c5','e8d734fb-04f2-4265-86db-4fcbd7c87180','2025-03-04 14:09:01','2025-03-04 14:09:01'),(1,800,NULL,'0f89c942-9c7b-4f34-9084-23f9e45069ea',NULL,NULL,'5cfa3dfe-5dda-4a0c-a5e2-a28fc7822193','ead6edcd-8571-4680-aa70-4535ae7c4490','2025-03-04 14:03:31','2025-03-04 14:03:31'),(4,10000,NULL,'e7bf45be-f246-42f5-810e-0c391e0f9012',NULL,NULL,'7792e9a2-ea92-4602-ac32-41f52d6d0fda','ef7346d0-1886-4186-90a7-dde49eff6584','2025-03-04 19:52:42','2025-03-04 19:52:42'),(1,1500,NULL,'54e5b3aa-2c2a-4f3a-aede-7af6b0387455',NULL,NULL,'d3c74bb9-f397-49bb-a18e-f14e56abd205','ef9517ec-36b7-4707-9740-86f4580e9718','2025-03-04 17:09:16','2025-03-04 17:09:16'),(1,3000,'48022dcf-d789-49f0-be21-21cfa978bdd7',NULL,NULL,NULL,'746728be-6782-4b5c-9eb9-6be1a1515126','efa7fe00-9409-42c5-9f1c-5c79f36cc35d','2025-03-04 19:57:12','2025-03-04 19:57:12'),(1,700,NULL,'3c303f80-20e0-4f85-b5d1-b9019b3a7a0e',NULL,NULL,'78e0bca7-7c0f-4e40-85ce-bb2641c5a316','f1cd4f36-35b4-425e-acd1-5e870f6e3dc6','2025-03-02 18:44:45','2025-03-02 18:44:45'),(2,2000,NULL,NULL,'301b3752-f86f-4ee4-a04a-cc5e32f9dcef',NULL,'db5ced08-e01e-41ce-84a7-f823c4831461','f65a8857-8aaf-45f2-8833-be260f857db0','2025-03-01 16:35:06','2025-03-01 16:35:06'),(1,800,NULL,'0f89c942-9c7b-4f34-9084-23f9e45069ea',NULL,NULL,'3f2c543d-80ff-453b-9d6a-ba8ea0e9a548','f6a0f83f-f832-431c-a6b8-f942e6b0ecbe','2025-03-04 14:08:18','2025-03-04 14:08:18'),(1,1000,NULL,'404e4e8b-2c45-4796-9a79-cb41740479ff',NULL,NULL,'a65b047a-c0c3-4b6a-a833-da4e0adf4f3b','f7afb350-bac2-4524-9d11-379c2648768e','2025-03-03 15:06:41','2025-03-03 15:06:41');
/*!40000 ALTER TABLE `order_items` ENABLE KEYS */;
UNLOCK TABLES;

--
-- Table structure for table `orders`
--

DROP TABLE IF EXISTS `orders`;
/*!40101 SET @saved_cs_client     = @@character_set_client */;
/*!50503 SET character_set_client = utf8mb4 */;
CREATE TABLE `orders` (
  `payment_type` varchar(50) NOT NULL,
  `amount` float NOT NULL,
  `is_paid` tinyint(1) DEFAULT NULL,
  `customer_id` varchar(60) NOT NULL,
  `ordered_by_id` varchar(60) NOT NULL,
  `cleared_by_id` varchar(60) DEFAULT NULL,
  `id` varchar(60) NOT NULL,
  `created_at` datetime DEFAULT NULL,
  `updated_at` datetime DEFAULT NULL,
  PRIMARY KEY (`id`),
  KEY `customer_id` (`customer_id`),
  KEY `ordered_by_id` (`ordered_by_id`),
  KEY `cleared_by_id` (`cleared_by_id`),
  CONSTRAINT `orders_ibfk_1` FOREIGN KEY (`customer_id`) REFERENCES `customers` (`id`),
  CONSTRAINT `orders_ibfk_2` FOREIGN KEY (`ordered_by_id`) REFERENCES `users` (`id`),
  CONSTRAINT `orders_ibfk_3` FOREIGN KEY (`cleared_by_id`) REFERENCES `users` (`id`)
) ENGINE=InnoDB DEFAULT CHARSET=utf8mb4 COLLATE=utf8mb4_0900_ai_ci;
/*!40101 SET character_set_client = @saved_cs_client */;

--
-- Dumping data for table `orders`
--

LOCK TABLES `orders` WRITE;
/*!40000 ALTER TABLE `orders` DISABLE KEYS */;
INSERT INTO `orders` VALUES ('Transfer',6000,0,'beb0f519-9fd9-4778-9870-6829a6f4b88e','f2b31a99-5274-4b62-be37-57a7f78ba04e',NULL,'008f220a-03c9-4baa-872f-966edc3d29ff','2025-03-04 18:15:04','2025-03-04 18:15:04'),('Transfer',700,1,'beb0f519-9fd9-4778-9870-6829a6f4b88e','f2b31a99-5274-4b62-be37-57a7f78ba04e','650c6cc4-ebf8-499d-b702-956e36e89ada','02c670ca-504e-4ac7-89f3-722bea65fdeb','2025-03-02 18:46:42','2025-03-03 23:16:34'),('Transfer',6000,1,'01b3e266-eaa6-4649-af1a-c7cb607479d2','f2b31a99-5274-4b62-be37-57a7f78ba04e',NULL,'035abee0-851a-4737-8867-52a00dbac42a','2025-03-01 13:27:15','2025-03-01 13:27:15'),('Transfer',5800,1,'2a7c0fd4-248e-4019-bc0a-6173940e60c1','f2b31a99-5274-4b62-be37-57a7f78ba04e','3608d9a5-0062-481e-bb02-f4f049cf4ae2','0368de5b-bb9c-49d2-b640-4774f7183b53','2025-03-03 15:16:15','2025-03-04 13:32:45'),('Transfer',8000,0,'76623145-34b1-4646-80d6-ea24eaf2b0bd','f2b31a99-5274-4b62-be37-57a7f78ba04e',NULL,'0678b405-74bd-40ad-be50-59f76de426f2','2025-03-04 18:30:20','2025-03-04 18:30:20'),('Cash',500,1,'5502926a-01eb-477d-ae8c-15c295b05733','3608d9a5-0062-481e-bb02-f4f049cf4ae2',NULL,'07be1ca9-9a23-4cd9-8be1-382f2f05a39f','2025-03-04 14:01:05','2025-03-04 14:01:05'),('Transfer',15000,1,'28adc58e-f6df-4034-9912-d61cabe8c5bd','3608d9a5-0062-481e-bb02-f4f049cf4ae2','3608d9a5-0062-481e-bb02-f4f049cf4ae2','09d12edd-7030-41a2-acd4-b69e10671ca9','2025-03-04 14:07:13','2025-03-04 17:44:44'),('Transfer',3000,1,'214e17bf-f529-440a-adac-c7f1f753b2fe','f2b31a99-5274-4b62-be37-57a7f78ba04e','650c6cc4-ebf8-499d-b702-956e36e89ada','0b0ec1d5-ca88-4f09-b25c-5c73c2a5443e','2025-03-01 15:42:22','2025-03-01 16:54:38'),('Transfer',1000,1,'0a24c08c-5d26-45a1-8807-357516663270','650c6cc4-ebf8-499d-b702-956e36e89ada',NULL,'0bd5cfa1-6519-4316-b003-71ee1385fa07','2025-03-02 21:55:30','2025-03-02 21:55:30'),('Transfer',3000,1,'7b53e825-0d4b-45c8-ae64-ad492cbb640a','06afeb0e-17f5-441e-a65e-642e000a8c73','64e03960-9e8b-4b66-b716-ccedaf09941b','0f5caa42-6a0b-4fae-98cd-cc50c018ab92','2025-03-01 18:18:50','2025-03-02 08:02:27'),('Transfer',1000,1,'267afa21-01d8-4f62-831e-cacb39a5064f','f2b31a99-5274-4b62-be37-57a7f78ba04e',NULL,'0f9b95c0-fd94-4038-8a74-ff7d1fd086c3','2025-03-03 12:53:19','2025-03-03 12:53:19'),('Transfer',5000,0,'3071c5dc-1c4c-4453-9227-a3651b47fad6','f2b31a99-5274-4b62-be37-57a7f78ba04e',NULL,'11f116a8-9ac1-4a42-9611-c65e705d924b','2025-03-04 20:13:58','2025-03-04 20:13:58'),('Transfer',800,1,'e215bd9b-9569-41b5-a064-7f665a5c19ff','f2b31a99-5274-4b62-be37-57a7f78ba04e',NULL,'149b8c25-8ea7-40e7-8b4b-17d0b6819207','2025-03-02 18:43:51','2025-03-02 18:43:51'),('Transfer',1000,1,'12055903-29e8-45c5-8c70-0a8ae694503c','650c6cc4-ebf8-499d-b702-956e36e89ada','64e03960-9e8b-4b66-b716-ccedaf09941b','162443a2-dc3e-4c73-815c-f7abfced3a7a','2025-03-02 20:12:15','2025-03-03 12:05:34'),('Transfer',2300,0,'beb0f519-9fd9-4778-9870-6829a6f4b88e','3608d9a5-0062-481e-bb02-f4f049cf4ae2',NULL,'16e51e5f-a831-4ae3-a585-a471ac039d46','2025-03-04 14:09:52','2025-03-04 14:09:52'),('Transfer',3500,1,'01b3e266-eaa6-4649-af1a-c7cb607479d2','f2b31a99-5274-4b62-be37-57a7f78ba04e','f2b31a99-5274-4b62-be37-57a7f78ba04e','1848d388-14c1-45e6-8d66-cfb487cb301f','2025-03-01 15:52:45','2025-03-02 18:54:56'),('Transfer',3000,1,'01b3e266-eaa6-4649-af1a-c7cb607479d2','f2b31a99-5274-4b62-be37-57a7f78ba04e',NULL,'19938227-2859-452f-b0f0-a38b5fef2e39','2025-03-02 18:16:20','2025-03-02 18:16:20'),('Transfer',500,1,'513f4443-6de2-4ecb-9780-84553c47a08e','f2b31a99-5274-4b62-be37-57a7f78ba04e',NULL,'1b079514-39e8-4626-a598-2d21925f9b70','2025-03-02 18:40:05','2025-03-02 18:40:05'),('Transfer',500,1,'c7c440f2-a09d-4210-903f-e31f8302f71f','650c6cc4-ebf8-499d-b702-956e36e89ada','3608d9a5-0062-481e-bb02-f4f049cf4ae2','1d486eeb-a18d-4e1a-b4f4-400e6cb48bcc','2025-03-03 21:03:54','2025-03-04 13:31:02'),('Transfer',4000,1,'d156637a-b8e4-410c-8677-8c50b2e18cbc','3608d9a5-0062-481e-bb02-f4f049cf4ae2',NULL,'1e05742b-da73-4237-900c-7ba3e0e7680b','2025-03-04 17:05:34','2025-03-04 17:05:34'),('Transfer',3000,1,'e675c1a5-55b8-41ae-a1b0-0105866ead59','650c6cc4-ebf8-499d-b702-956e36e89ada','3608d9a5-0062-481e-bb02-f4f049cf4ae2','233a8766-f620-4689-bbbd-1554fe72c48a','2025-03-03 20:24:39','2025-03-04 13:32:04'),('Transfer',17500,1,'11bf01d6-ea51-4cfd-8561-2cadad63a84a','f2b31a99-5274-4b62-be37-57a7f78ba04e','64e03960-9e8b-4b66-b716-ccedaf09941b','256184e3-a2b9-4783-a77b-d7a4e730d61d','2025-03-01 18:52:05','2025-03-02 08:00:30'),('Transfer',500,1,'6b68d30d-3f0d-40be-8ca9-1fe5635e6a0e','f2b31a99-5274-4b62-be37-57a7f78ba04e','64e03960-9e8b-4b66-b716-ccedaf09941b','29a67312-d90b-47b0-99ca-340c422e0b84','2025-03-02 19:17:08','2025-03-03 12:05:42'),('Transfer',500,1,'abb8880d-c211-4bab-80cc-f51c8143a4d1','3608d9a5-0062-481e-bb02-f4f049cf4ae2',NULL,'2a7c0cc6-3aaf-4e97-ab22-1e5d69bb8d50','2025-03-04 13:49:02','2025-03-04 13:49:02'),('Transfer',1200,1,'f7dd6e4d-e298-4213-98e0-4ff5015b74a5','650c6cc4-ebf8-499d-b702-956e36e89ada','3608d9a5-0062-481e-bb02-f4f049cf4ae2','2b3c1d40-58d4-4c60-b481-0cacdeafa6e9','2025-03-03 21:08:09','2025-03-04 13:31:28'),('Cash',1000,1,'11927f12-1056-4ed2-8eba-43731ef80ed8','f2b31a99-5274-4b62-be37-57a7f78ba04e',NULL,'2b440dcd-6a00-4f31-83e4-54bf2561494e','2025-03-04 18:27:07','2025-03-04 18:27:07'),('Transfer',500,1,'f628072d-c65f-4f62-8990-407ba37f299f','650c6cc4-ebf8-499d-b702-956e36e89ada',NULL,'2b6f1bee-1862-4fd1-8988-3fa620c5c150','2025-03-02 20:10:49','2025-03-02 20:10:49'),('Transfer',3600,1,'fd29c28c-2ed0-40db-b6c5-9729eb023c22','f2b31a99-5274-4b62-be37-57a7f78ba04e',NULL,'2c48fd87-f0cf-43cc-a758-404e1d138626','2025-03-03 15:12:21','2025-03-03 15:12:21'),('Cash',1000,1,'9460c66b-8fea-43bd-b9c1-e690287b7942','3608d9a5-0062-481e-bb02-f4f049cf4ae2',NULL,'331242c4-5f35-4c6d-8e62-bb8103fda917','2025-03-04 13:35:11','2025-03-04 13:35:11'),('Cash',700,1,'d098b235-fb19-4f63-adb5-8e6c963cbfc4','3608d9a5-0062-481e-bb02-f4f049cf4ae2',NULL,'33fb95a1-c5eb-4cee-87d9-713014cdd8a8','2025-03-04 14:10:39','2025-03-04 14:10:39'),('Transfer',1200,1,'a151c398-038b-47b6-8c30-aaaaaea04847','3608d9a5-0062-481e-bb02-f4f049cf4ae2',NULL,'34aa5fd1-da2d-461d-9de4-c3ef19fa2e47','2025-03-04 18:00:45','2025-03-04 18:00:45'),('Transfer',2000,1,'ce850204-56bd-48a1-a35d-ebe51d5289fd','650c6cc4-ebf8-499d-b702-956e36e89ada','650c6cc4-ebf8-499d-b702-956e36e89ada','3506d985-363d-4a9f-b1af-bfb75cde2ac4','2025-03-03 23:29:05','2025-03-04 00:09:59'),('Cash',700,1,'59fe79ad-24f0-463d-967f-19f3cdde59f9','f2b31a99-5274-4b62-be37-57a7f78ba04e',NULL,'3775d77e-4487-436c-ad54-9220d77a6e30','2025-03-03 17:57:10','2025-03-03 17:57:10'),('Transfer',500,1,'7aa5c66d-4cc6-4fee-9c0c-231dca12fd0d','650c6cc4-ebf8-499d-b702-956e36e89ada',NULL,'37dde8d1-e801-423f-91fb-e29cbaf188da','2025-03-03 20:28:45','2025-03-03 20:28:45'),('Transfer',6000,1,'01b3e266-eaa6-4649-af1a-c7cb607479d2','f2b31a99-5274-4b62-be37-57a7f78ba04e','64e03960-9e8b-4b66-b716-ccedaf09941b','391a4017-b35f-4a07-9bbb-4f2e7db1d08e','2025-03-02 18:32:08','2025-03-03 12:06:16'),('Transfer',1000,1,'cc557b1e-677f-451d-8f40-9cc875e9a370','f2b31a99-5274-4b62-be37-57a7f78ba04e',NULL,'39a3b3c7-ea6c-49c6-b93f-1171e2db0159','2025-03-02 18:47:59','2025-03-02 18:47:59'),('Transfer',500,1,'657480a5-04f8-42f8-8d2d-f856c6158e99','f2b31a99-5274-4b62-be37-57a7f78ba04e','f2b31a99-5274-4b62-be37-57a7f78ba04e','3ba9d63f-dff7-46f8-b6b5-cce30ab8ac96','2025-03-02 18:40:34','2025-03-02 18:42:59'),('Transfer',500,1,'92db03ce-6e62-4626-90f8-3d7b2c00a5ac','650c6cc4-ebf8-499d-b702-956e36e89ada',NULL,'3cd97db4-2147-4221-9bf8-54d4577adfd8','2025-03-02 20:10:19','2025-03-02 20:10:19'),('Transfer',800,1,'a1b89555-60d2-4116-8135-33c29f49aab7','3608d9a5-0062-481e-bb02-f4f049cf4ae2',NULL,'3f2c543d-80ff-453b-9d6a-ba8ea0e9a548','2025-03-04 14:08:18','2025-03-04 14:08:18'),('Transfer',14200,1,'b2ec213b-90b8-44b6-824c-21be2ccd022d','3608d9a5-0062-481e-bb02-f4f049cf4ae2',NULL,'42363cfe-ee1e-4a4d-9ed0-61a0a0842d34','2025-03-04 17:56:10','2025-03-04 17:56:10'),('Transfer',6000,1,'beb0f519-9fd9-4778-9870-6829a6f4b88e','f2b31a99-5274-4b62-be37-57a7f78ba04e','f2b31a99-5274-4b62-be37-57a7f78ba04e','42e98c76-3a58-40ce-be42-03811527cd24','2025-03-01 13:28:24','2025-03-02 18:49:41'),('Transfer',3000,1,'77820ed4-46a8-44e3-8353-26512078000f','f2b31a99-5274-4b62-be37-57a7f78ba04e','64e03960-9e8b-4b66-b716-ccedaf09941b','44d59797-dd0d-4a6f-bfa4-d54acd5b8398','2025-03-02 18:56:03','2025-03-03 12:05:49'),('Transfer',1800,1,'b594c16a-f461-487f-b51a-2caf91ebefa1','f2b31a99-5274-4b62-be37-57a7f78ba04e','64e03960-9e8b-4b66-b716-ccedaf09941b','45641d15-1c9b-49f2-b1f8-7b25d3f39e61','2025-03-03 13:19:22','2025-03-04 13:22:32'),('Transfer',1000,0,'9193c0cd-f3c4-4ab9-9433-5b7bf5faa940','f2b31a99-5274-4b62-be37-57a7f78ba04e',NULL,'46d43c9b-f307-49ba-be3f-19a3ac6079e6','2025-03-04 18:13:21','2025-03-04 18:13:21'),('Transfer',800,1,'2f7a4c26-c909-4542-8468-f08b520e81fc','f2b31a99-5274-4b62-be37-57a7f78ba04e',NULL,'498d583f-dca8-4324-ac68-01306bb30c26','2025-03-03 15:28:52','2025-03-03 15:28:52'),('Transfer',2000,1,'c03a413c-ed10-442a-b8ab-626c5d5357e1','650c6cc4-ebf8-499d-b702-956e36e89ada','3608d9a5-0062-481e-bb02-f4f049cf4ae2','4a744670-6fc4-4bbe-8a7e-47f80e80a1e7','2025-03-03 19:22:41','2025-03-04 13:32:09'),('Transfer',800,0,'4abe8a4d-bfce-4d0b-806d-909763216895','f2b31a99-5274-4b62-be37-57a7f78ba04e',NULL,'4b8447db-4942-49cb-aca3-c445170f494e','2025-03-04 19:54:02','2025-03-04 19:54:02'),('Transfer',500,1,'0ac670da-726f-4760-897b-6d433e910655','650c6cc4-ebf8-499d-b702-956e36e89ada',NULL,'4bac2cc6-8290-4ab9-a666-5fdcb63faf76','2025-03-02 20:25:20','2025-03-02 20:25:20'),('Transfer',1000,1,'4cd6141e-a104-4740-8fd8-50f74ce0ee1b','650c6cc4-ebf8-499d-b702-956e36e89ada',NULL,'4e90e50d-ae71-4c1a-929b-9e0e034977e6','2025-03-03 21:46:02','2025-03-03 21:46:02'),('Transfer',5000,1,'37a37cf6-fdb1-4154-9199-6fc75b3c10cf','650c6cc4-ebf8-499d-b702-956e36e89ada','3608d9a5-0062-481e-bb02-f4f049cf4ae2','522e8a0b-a8f7-4928-8bfc-142593722805','2025-03-03 18:18:15','2025-03-04 13:32:20'),('Transfer',3000,0,'beb0f519-9fd9-4778-9870-6829a6f4b88e','650c6cc4-ebf8-499d-b702-956e36e89ada',NULL,'582fdf98-6e47-4a2c-b2a4-5319a389c9b6','2025-03-03 23:29:43','2025-03-03 23:29:43'),('Transfer',1000,1,'d6b2f660-c9ed-40ee-9aff-a33dca095033','f2b31a99-5274-4b62-be37-57a7f78ba04e','64e03960-9e8b-4b66-b716-ccedaf09941b','586fd756-4481-43fa-ac09-e8d0810b002c','2025-03-02 18:41:32','2025-03-03 12:06:02'),('Transfer',1500,1,'5b4006a0-0efd-426e-b920-191a6e8dec6b','650c6cc4-ebf8-499d-b702-956e36e89ada','650c6cc4-ebf8-499d-b702-956e36e89ada','5926d7b7-f919-4232-8c4a-82ae4c00b5ea','2025-03-01 14:40:08','2025-03-01 16:54:51'),('Transfer',1000,1,'beb0f519-9fd9-4778-9870-6829a6f4b88e','650c6cc4-ebf8-499d-b702-956e36e89ada','650c6cc4-ebf8-499d-b702-956e36e89ada','5a178252-3441-412d-a6c7-5e33e5791dc4','2025-03-03 21:28:52','2025-03-03 23:14:50'),('Transfer',800,1,'0254c89e-ad0d-4cf2-ac7d-a8f3f5ad6ad3','650c6cc4-ebf8-499d-b702-956e36e89ada',NULL,'5befb166-4b54-4ac8-a819-e5a9431da1f8','2025-03-01 14:20:40','2025-03-01 14:20:40'),('Transfer',1300,0,'c7a4370f-f13b-4eaa-9b1c-fcd9eb5b760c','3608d9a5-0062-481e-bb02-f4f049cf4ae2',NULL,'5cfa3dfe-5dda-4a0c-a5e2-a28fc7822193','2025-03-04 14:03:31','2025-03-04 14:03:31'),('Transfer',1000,1,'3fd568e5-e0d6-47ad-8dbb-ad884c9b948d','650c6cc4-ebf8-499d-b702-956e36e89ada','650c6cc4-ebf8-499d-b702-956e36e89ada','5d3bcd76-7d37-4065-bcac-0c7cee6ecc86','2025-03-03 20:24:59','2025-03-03 20:40:48'),('Cash',500,1,'bdb81b34-75b9-422a-a454-125c7e6b8f45','650c6cc4-ebf8-499d-b702-956e36e89ada',NULL,'63601646-ad49-43a2-8763-52cd8d319cf8','2025-03-03 18:36:51','2025-03-03 18:36:51'),('Transfer',6500,0,'c7a4370f-f13b-4eaa-9b1c-fcd9eb5b760c','f2b31a99-5274-4b62-be37-57a7f78ba04e',NULL,'64fb3a8e-ebab-4e16-add0-4dcd2a82a497','2025-03-04 19:01:12','2025-03-04 19:01:12'),('Transfer',2100,1,'648bf312-3e59-4fca-a0e1-abc35c23def6','650c6cc4-ebf8-499d-b702-956e36e89ada',NULL,'661c36cd-92a5-4824-adcf-d2923cf0780c','2025-03-03 22:53:55','2025-03-03 22:53:55'),('Transfer',800,1,'25d9d2d8-8af4-46ca-9d95-673fe9814a03','f2b31a99-5274-4b62-be37-57a7f78ba04e','06afeb0e-17f5-441e-a65e-642e000a8c73','6829bd94-b29d-4d1d-be0a-3c012f9ecea7','2025-03-01 18:47:30','2025-03-01 18:50:01'),('Transfer',800,1,'8e061bb0-df22-474d-a646-22b1d66e8dd4','f2b31a99-5274-4b62-be37-57a7f78ba04e','650c6cc4-ebf8-499d-b702-956e36e89ada','69462aa8-8eb4-41de-950e-6e89a05d6c5e','2025-03-03 15:09:10','2025-03-03 21:21:31'),('Transfer',5000,1,'01b3e266-eaa6-4649-af1a-c7cb607479d2','650c6cc4-ebf8-499d-b702-956e36e89ada','64e03960-9e8b-4b66-b716-ccedaf09941b','69dd7402-4d2e-4026-80a6-ee40003a0d00','2025-03-02 21:56:58','2025-03-03 12:05:26'),('Transfer',6000,0,'3e11c7e7-90df-4bb1-b2e1-d13a628d24f2','f2b31a99-5274-4b62-be37-57a7f78ba04e',NULL,'6d501170-b35a-470b-8915-ade6207a20df','2025-03-04 18:15:44','2025-03-04 18:15:44'),('Transfer',800,1,'87820190-bdce-4c93-9292-48555dd3ee35','650c6cc4-ebf8-499d-b702-956e36e89ada',NULL,'6f12e789-c2a4-4e6e-96e6-1288612e19d1','2025-03-02 20:20:37','2025-03-02 20:20:37'),('Transfer',500,1,'4a755050-7e02-4c9e-b04d-ac40bfce28d4','650c6cc4-ebf8-499d-b702-956e36e89ada','3608d9a5-0062-481e-bb02-f4f049cf4ae2','72d0f9d2-e4b5-48fd-9995-6736e4e0da2f','2025-03-03 21:11:42','2025-03-04 13:30:55'),('Transfer',6500,0,'abb8880d-c211-4bab-80cc-f51c8143a4d1','f2b31a99-5274-4b62-be37-57a7f78ba04e',NULL,'746728be-6782-4b5c-9eb9-6be1a1515126','2025-03-04 19:57:12','2025-03-04 19:57:12'),('Transfer',800,1,'58a78b47-d706-4116-9f7a-0f7178051a80','650c6cc4-ebf8-499d-b702-956e36e89ada',NULL,'75a7d11f-8195-42a1-a788-be11edece9cd','2025-03-02 22:01:47','2025-03-02 22:01:47'),('Transfer',500,1,'bd55c251-1985-488a-ab2a-24e28c49de53','f2b31a99-5274-4b62-be37-57a7f78ba04e','f2b31a99-5274-4b62-be37-57a7f78ba04e','774ed39a-b9a5-4b40-9676-7aaf3b96a48d','2025-03-02 18:39:38','2025-03-03 11:47:48'),('Transfer',1000,1,'52f9e9ea-98f2-4e9e-a747-a36dfc8bb0ed','f2b31a99-5274-4b62-be37-57a7f78ba04e','650c6cc4-ebf8-499d-b702-956e36e89ada','7774db8f-8551-4cd4-ad8f-2f26c31fb518','2025-03-02 18:47:19','2025-03-02 21:50:44'),('Transfer',10000,0,'5fa8acea-a3ca-45b6-8d81-666d8e2b99d9','f2b31a99-5274-4b62-be37-57a7f78ba04e',NULL,'7792e9a2-ea92-4602-ac32-41f52d6d0fda','2025-03-04 19:52:42','2025-03-04 19:52:42'),('Transfer',2000,1,'2fe7d805-ffd3-4866-80a9-84bd5eb37d24','650c6cc4-ebf8-499d-b702-956e36e89ada','650c6cc4-ebf8-499d-b702-956e36e89ada','77b55187-1794-433a-ad56-ea2cf864a1a7','2025-03-03 21:02:34','2025-03-03 22:15:11'),('Transfer',500,1,'3d7fff48-04e6-4d22-a9ed-81d4ca3adb65','650c6cc4-ebf8-499d-b702-956e36e89ada','650c6cc4-ebf8-499d-b702-956e36e89ada','785f31c5-dd70-466d-854f-22a40e66385e','2025-03-03 19:19:45','2025-03-03 20:31:54'),('Transfer',700,1,'8035afec-bfec-4b72-bdde-a6a24cafb29b','f2b31a99-5274-4b62-be37-57a7f78ba04e',NULL,'78e0bca7-7c0f-4e40-85ce-bb2641c5a316','2025-03-02 18:44:45','2025-03-02 18:44:45'),('Transfer',15900,1,'9f813909-3a8c-435d-829b-e2286d626fc9','f2b31a99-5274-4b62-be37-57a7f78ba04e','650c6cc4-ebf8-499d-b702-956e36e89ada','7b343a3e-b63d-4e82-9a16-5e6f9614bbbc','2025-03-02 18:13:33','2025-03-02 20:44:46'),('Transfer',12000,0,'4a5a03c3-fc9f-484d-9e9b-4286f9e3c522','f2b31a99-5274-4b62-be37-57a7f78ba04e',NULL,'7bf39b7e-3328-4ee9-ad6c-f196d7f52da9','2025-03-04 20:50:10','2025-03-04 20:50:10'),('Transfer',500,1,'088dda87-854e-490e-9705-0ec6f0d1f860','650c6cc4-ebf8-499d-b702-956e36e89ada','650c6cc4-ebf8-499d-b702-956e36e89ada','7cb6d5c3-f696-447e-a88b-d52652d03de0','2025-03-03 21:08:27','2025-03-03 22:14:58'),('Transfer',500,1,'cd01ec51-bcf2-4dfb-a3fc-b83687ec05fa','f2b31a99-5274-4b62-be37-57a7f78ba04e',NULL,'7f6c2aec-dcd0-4bd6-b3da-684634cc8b07','2025-03-01 18:42:52','2025-03-01 18:42:52'),('Transfer',2300,1,'20cbfc3e-427a-4dc3-9ce5-fdd7e6d2c9e8','3608d9a5-0062-481e-bb02-f4f049cf4ae2',NULL,'804df732-c0e9-4db2-911f-fb685668b8b1','2025-03-04 17:47:19','2025-03-04 17:47:19'),('Cash',1000,1,'0f2030d4-9e39-4319-910f-f2bfbd2b3dff','650c6cc4-ebf8-499d-b702-956e36e89ada',NULL,'812877d8-e30e-41cc-b27d-545a6bc85519','2025-03-03 19:57:53','2025-03-03 19:57:53'),('Transfer',500,1,'aeedab52-50e9-4c84-8f3c-f547e73f9302','f2b31a99-5274-4b62-be37-57a7f78ba04e',NULL,'846cce2f-43ea-4c6d-ba9a-6af66ae8415c','2025-03-02 18:40:22','2025-03-02 18:40:22'),('Transfer',4000,1,'c7a4370f-f13b-4eaa-9b1c-fcd9eb5b760c','f2b31a99-5274-4b62-be37-57a7f78ba04e','f2b31a99-5274-4b62-be37-57a7f78ba04e','873aee8d-bb53-46cc-861c-0ef08903f656','2025-03-02 19:13:30','2025-03-03 11:47:29'),('Transfer',1000,1,'93c9778a-57ae-45d1-8cee-af50345a523d','f2b31a99-5274-4b62-be37-57a7f78ba04e','f2b31a99-5274-4b62-be37-57a7f78ba04e','89e5f4dc-f5f7-47c0-a98e-f67b00992b0a','2025-03-01 15:53:43','2025-03-01 19:57:53'),('Cash',500,1,'182ec8d5-b5ad-4f59-b93e-6b62d61d0387','650c6cc4-ebf8-499d-b702-956e36e89ada',NULL,'8a1a79d5-2d4d-4ef9-a6e1-13a064288f60','2025-03-03 20:43:53','2025-03-03 20:43:53'),('Transfer',2500,1,'ff615125-7163-4fc1-b9b2-0d4f4c3bc99d','f2b31a99-5274-4b62-be37-57a7f78ba04e','f2b31a99-5274-4b62-be37-57a7f78ba04e','8da5ed36-321b-4f7e-8650-d7c9a1a9cfc2','2025-03-02 18:48:58','2025-03-02 19:01:04'),('Transfer',700,1,'e26ba409-2762-4a72-8848-9ec9d0016504','f2b31a99-5274-4b62-be37-57a7f78ba04e','f2b31a99-5274-4b62-be37-57a7f78ba04e','8e6da6d1-20ed-4df9-8e00-92beee0e922c','2025-03-03 17:27:08','2025-03-03 17:28:23'),('Transfer',700,1,'63e34172-18ba-4574-8b0b-adc05f7e2a8b','f2b31a99-5274-4b62-be37-57a7f78ba04e',NULL,'903aea45-924f-411d-b1bf-9e4e2b81adcb','2025-03-02 18:44:24','2025-03-02 18:44:24'),('Transfer',800,0,'fb06f2fd-65cf-427e-894d-fd623d06c805','3608d9a5-0062-481e-bb02-f4f049cf4ae2',NULL,'9046f546-a7b8-4315-9684-8bc9ef1de20e','2025-03-04 13:52:56','2025-03-04 13:52:56'),('Transfer',19800,1,'beb0f519-9fd9-4778-9870-6829a6f4b88e','f2b31a99-5274-4b62-be37-57a7f78ba04e','650c6cc4-ebf8-499d-b702-956e36e89ada','921efe81-8600-4f48-9077-76e9bbe20576','2025-03-03 15:22:16','2025-03-03 23:16:19'),('Transfer',2300,0,'498fd5c5-1982-4bc4-bf6f-bc184196ac01','3608d9a5-0062-481e-bb02-f4f049cf4ae2',NULL,'93a8738c-ce99-43b8-aa54-9bad16c8d5c5','2025-03-04 14:09:01','2025-03-04 14:09:01'),('Transfer',1000,0,'df021a3b-473b-4488-9eaa-198d5c4060d5','3608d9a5-0062-481e-bb02-f4f049cf4ae2',NULL,'949b2f4a-f321-4d1a-a168-2e67976c9cfb','2025-03-04 17:42:45','2025-03-04 17:42:45'),('Transfer',2000,1,'333da83e-941c-4205-b742-db23b8adcf0b','3608d9a5-0062-481e-bb02-f4f049cf4ae2',NULL,'959d3e14-542e-4f5e-9534-be825f3e01f2','2025-03-04 17:57:43','2025-03-04 17:57:43'),('Transfer',500,1,'01b3e266-eaa6-4649-af1a-c7cb607479d2','650c6cc4-ebf8-499d-b702-956e36e89ada','64e03960-9e8b-4b66-b716-ccedaf09941b','9615026b-d74a-496f-b6ac-94c731243279','2025-03-02 22:24:42','2025-03-03 12:05:18'),('Transfer',700,1,'2ba0a053-bf7c-40aa-a245-0ccbb64bc2e6','f2b31a99-5274-4b62-be37-57a7f78ba04e',NULL,'96d6594b-a3e5-44c6-9e15-a91e0b296ae7','2025-03-01 19:53:41','2025-03-01 19:53:41'),('Transfer',800,1,'cf174e2d-ff2b-4ef4-a52c-c9e2a213f333','f2b31a99-5274-4b62-be37-57a7f78ba04e',NULL,'997dfc6a-1caa-4586-9f7c-bd08cc01011d','2025-03-02 18:45:18','2025-03-02 18:45:18'),('Transfer',2000,1,'beb0f519-9fd9-4778-9870-6829a6f4b88e','650c6cc4-ebf8-499d-b702-956e36e89ada','650c6cc4-ebf8-499d-b702-956e36e89ada','9b42852e-2e59-4e24-a268-28a017b61262','2025-03-03 23:10:35','2025-03-03 23:14:44'),('Transfer',500,1,'b594c16a-f461-487f-b51a-2caf91ebefa1','650c6cc4-ebf8-499d-b702-956e36e89ada','64e03960-9e8b-4b66-b716-ccedaf09941b','9be42b0b-9f9c-43e2-9c1e-532c3b13406f','2025-03-03 22:06:28','2025-03-04 13:22:32'),('Transfer',6300,1,'01b3e266-eaa6-4649-af1a-c7cb607479d2','f2b31a99-5274-4b62-be37-57a7f78ba04e','f2b31a99-5274-4b62-be37-57a7f78ba04e','9d5cc229-87ad-469d-992a-7d34bb5ca62d','2025-03-01 14:44:55','2025-03-02 19:28:22'),('Transfer',8300,1,'a50ea372-d29b-4563-8f1d-4dd9b2ae10c4','f2b31a99-5274-4b62-be37-57a7f78ba04e','f2b31a99-5274-4b62-be37-57a7f78ba04e','a138e38f-9172-468d-b778-65a32de84841','2025-03-03 15:19:11','2025-03-04 13:22:56'),('Transfer',1500,1,'0d4a9de2-7363-4697-9b56-a6fa092c486e','650c6cc4-ebf8-499d-b702-956e36e89ada','650c6cc4-ebf8-499d-b702-956e36e89ada','a3bd44af-8a9e-4320-b3d6-984a0e75c2d5','2025-03-03 23:19:54','2025-03-04 00:10:06'),('Transfer',4800,1,'b594c16a-f461-487f-b51a-2caf91ebefa1','f2b31a99-5274-4b62-be37-57a7f78ba04e','650c6cc4-ebf8-499d-b702-956e36e89ada','a61c6932-de76-4c9c-9b20-22e13d28ed6f','2025-03-02 18:33:19','2025-03-04 13:22:32'),('Transfer',1000,1,'be8ffe71-731b-45f6-85ba-42b047cfa884','f2b31a99-5274-4b62-be37-57a7f78ba04e','650c6cc4-ebf8-499d-b702-956e36e89ada','a65b047a-c0c3-4b6a-a833-da4e0adf4f3b','2025-03-03 15:06:41','2025-03-03 21:21:39'),('Transfer',700,1,'122b7042-e059-4e02-aea4-c1c40821f4cc','f2b31a99-5274-4b62-be37-57a7f78ba04e',NULL,'a7122512-8bf8-461e-a1a6-cbf0becb4dec','2025-03-01 16:56:46','2025-03-01 16:56:46'),('Transfer',3000,1,'aa80e38f-7c9c-4a32-8c4c-febce5d56d82','f2b31a99-5274-4b62-be37-57a7f78ba04e',NULL,'a820fe51-d9a8-462d-a718-1cb961974947','2025-03-02 18:46:14','2025-03-02 18:46:14'),('Transfer',500,1,'897b264d-759b-4eb0-8b0d-827c638095cf','f2b31a99-5274-4b62-be37-57a7f78ba04e','64e03960-9e8b-4b66-b716-ccedaf09941b','a91c3692-e9f6-4ae6-a539-e0138f434ca1','2025-03-02 18:41:10','2025-03-03 12:06:08'),('Transfer',500,1,'417016ea-b010-4ec7-83f1-96a85a3d7c60','650c6cc4-ebf8-499d-b702-956e36e89ada','650c6cc4-ebf8-499d-b702-956e36e89ada','ae307649-5eb5-4042-bb66-5656d5a0bbe1','2025-03-03 21:11:28','2025-03-03 21:21:20'),('Transfer',3000,1,'beb0f519-9fd9-4778-9870-6829a6f4b88e','f2b31a99-5274-4b62-be37-57a7f78ba04e','650c6cc4-ebf8-499d-b702-956e36e89ada','aeb0b90a-1fdb-4c3b-864f-4567aae60e34','2025-03-03 12:55:27','2025-03-03 23:16:27'),('Transfer',1000,1,'abb8880d-c211-4bab-80cc-f51c8143a4d1','f2b31a99-5274-4b62-be37-57a7f78ba04e',NULL,'aedaa404-f4c7-4c85-ab4b-216b7a31f508','2025-03-03 16:03:05','2025-03-03 16:03:05'),('Transfer',5000,1,'beb0f519-9fd9-4778-9870-6829a6f4b88e','650c6cc4-ebf8-499d-b702-956e36e89ada','650c6cc4-ebf8-499d-b702-956e36e89ada','afbbcb2b-9d69-4057-9ade-fe8c910975e5','2025-03-03 19:07:28','2025-03-03 23:14:58'),('Transfer',800,1,'4fb67430-9930-40b0-aa1d-185fe1990eb4','3608d9a5-0062-481e-bb02-f4f049cf4ae2',NULL,'b05d3f10-2ac8-485f-ae85-de66e955c572','2025-03-04 13:45:42','2025-03-04 13:45:42'),('Transfer',700,1,'6d1123a7-6f6c-4569-8b78-99fbaea11c12','f2b31a99-5274-4b62-be37-57a7f78ba04e',NULL,'b783feee-3dcf-444a-9d31-9e6759684cea','2025-03-03 15:26:37','2025-03-03 15:26:37'),('Transfer',1000,0,'beb0f519-9fd9-4778-9870-6829a6f4b88e','3608d9a5-0062-481e-bb02-f4f049cf4ae2',NULL,'b7ed2a4f-cad0-4a67-a09b-7b40b278161f','2025-03-04 17:52:52','2025-03-04 17:52:52'),('Transfer',500,1,'5f4c2b61-bd33-4e55-98cf-9cd03e141550','f2b31a99-5274-4b62-be37-57a7f78ba04e',NULL,'b867b073-4fcb-49e8-aec8-f0d55cb7bc90','2025-03-01 13:34:37','2025-03-01 13:34:37'),('Transfer',700,1,'074990b0-15d1-4283-8add-1741a3a611d2','650c6cc4-ebf8-499d-b702-956e36e89ada',NULL,'ba9655f4-86c3-4242-b400-254df7f3be87','2025-03-02 20:11:38','2025-03-02 20:11:38'),('Transfer',1000,1,'2ab7715f-d107-4bb4-b6d1-b4fd56392767','f2b31a99-5274-4b62-be37-57a7f78ba04e','3608d9a5-0062-481e-bb02-f4f049cf4ae2','bc89f730-9ba5-4f33-82ae-f7c6cfb53426','2025-03-03 15:30:19','2025-03-04 13:32:35'),('Transfer',1500,1,'2c8b48c1-25ec-41ea-8362-edf0387793a0','f2b31a99-5274-4b62-be37-57a7f78ba04e','f2b31a99-5274-4b62-be37-57a7f78ba04e','bdd89a09-2d6b-42ff-ba1a-7c4be065efe4','2025-03-01 13:24:34','2025-03-01 19:58:28'),('Transfer',500,1,'0b62f6f2-3b9a-4d7b-af58-4de1a52830db','650c6cc4-ebf8-499d-b702-956e36e89ada','3608d9a5-0062-481e-bb02-f4f049cf4ae2','beb25835-7ef7-45ac-a6af-306c4dcc4147','2025-03-03 21:03:32','2025-03-04 13:31:33'),('Transfer',1300,1,'fd7992d5-9ca4-472e-9ab8-3870ee960989','f2b31a99-5274-4b62-be37-57a7f78ba04e',NULL,'c469fb75-d322-4240-8901-064f58cb906b','2025-03-03 15:32:25','2025-03-03 15:32:25'),('Transfer',3300,1,'a50ea372-d29b-4563-8f1d-4dd9b2ae10c4','650c6cc4-ebf8-499d-b702-956e36e89ada','64e03960-9e8b-4b66-b716-ccedaf09941b','c8eb03e4-275d-4ede-9a63-572319a65c2d','2025-03-03 21:04:41','2025-03-04 13:22:56'),('Transfer',1000,0,'b69d571b-c80e-4013-bc78-64b3064b9261','f2b31a99-5274-4b62-be37-57a7f78ba04e',NULL,'c937cb6e-5a89-4fc5-88ca-0114c3fd91ab','2025-03-04 19:54:58','2025-03-04 19:54:58'),('Cash',7500,1,'ddeb7554-c13d-4cea-85eb-d34ea95ec7bc','f2b31a99-5274-4b62-be37-57a7f78ba04e',NULL,'cb6581f9-7d13-489e-8bf3-306ec4b51650','2025-03-02 18:38:37','2025-03-02 18:38:37'),('Transfer',1000,0,'3aa2c45c-1426-4e24-aa5c-1b240427f55e','f2b31a99-5274-4b62-be37-57a7f78ba04e',NULL,'cba21bae-cd7a-4c3e-978c-f7e522598e23','2025-03-04 20:20:34','2025-03-04 20:20:34'),('Transfer',500,1,'1eecd101-428a-4209-87b4-97fd08ddc97e','f2b31a99-5274-4b62-be37-57a7f78ba04e',NULL,'cd82f114-4802-4a00-b749-cc0e8c54ce80','2025-03-02 19:29:30','2025-03-02 19:29:30'),('Transfer',800,0,'71d71276-1656-499c-a968-421b731f01de','3608d9a5-0062-481e-bb02-f4f049cf4ae2',NULL,'ce046a37-39f4-458f-a3bc-b599793ea752','2025-03-04 14:02:02','2025-03-04 14:02:02'),('Transfer',2500,1,'4fedd957-4ade-469d-9d08-7784ed06e30e','650c6cc4-ebf8-499d-b702-956e36e89ada','650c6cc4-ebf8-499d-b702-956e36e89ada','d170669d-7484-4dfd-b9cb-e1ec157e3ad9','2025-03-03 21:44:09','2025-03-03 22:14:49'),('Transfer',11500,1,'59d64491-3149-4bcf-9f93-cdeedc4dcc40','f2b31a99-5274-4b62-be37-57a7f78ba04e','f2b31a99-5274-4b62-be37-57a7f78ba04e','d2fb14de-3bf4-4ccc-8a4f-90a8d2cb1689','2025-03-02 18:29:39','2025-03-03 11:49:00'),('Transfer',2000,1,'5f2662b6-5a05-4cad-9f5c-22f9581b0e42','f2b31a99-5274-4b62-be37-57a7f78ba04e',NULL,'d38df74c-0b61-47d2-8d47-d87c250b399c','2025-03-02 18:42:21','2025-03-02 18:42:21'),('Transfer',5000,1,'efccfa4c-90c4-4d9a-83e2-9ac206462af7','3608d9a5-0062-481e-bb02-f4f049cf4ae2',NULL,'d3c74bb9-f397-49bb-a18e-f14e56abd205','2025-03-04 17:09:16','2025-03-04 17:09:16'),('Transfer',500,1,'13663347-ac31-4f8b-9a5e-364bac435d08','3608d9a5-0062-481e-bb02-f4f049cf4ae2',NULL,'d49317ca-5f4f-4a19-a0fc-511d7f437a25','2025-03-04 13:47:55','2025-03-04 13:47:55'),('Transfer',1700,1,'c7a4370f-f13b-4eaa-9b1c-fcd9eb5b760c','650c6cc4-ebf8-499d-b702-956e36e89ada','f2b31a99-5274-4b62-be37-57a7f78ba04e','d77bd67f-6486-4bfe-b21a-f459e5678b3f','2025-03-02 21:52:26','2025-03-03 11:47:08'),('Transfer',700,1,'22803531-d65f-4988-a101-4e8497cb7ef5','06afeb0e-17f5-441e-a65e-642e000a8c73','f2b31a99-5274-4b62-be37-57a7f78ba04e','db4ec69c-c180-45f6-85ae-60a74ba71bdb','2025-03-01 18:20:22','2025-03-01 19:57:11'),('Transfer',2000,1,'ac637676-b64d-433e-848b-7fc0bfd9dadc','f2b31a99-5274-4b62-be37-57a7f78ba04e','650c6cc4-ebf8-499d-b702-956e36e89ada','db5ced08-e01e-41ce-84a7-f823c4831461','2025-03-01 16:35:06','2025-03-01 16:54:09'),('Transfer',14500,1,'beb0f519-9fd9-4778-9870-6829a6f4b88e','f2b31a99-5274-4b62-be37-57a7f78ba04e','650c6cc4-ebf8-499d-b702-956e36e89ada','db979da8-e58f-482e-89fd-7ef6ad3cfe46','2025-03-02 18:31:06','2025-03-03 23:16:39'),('Transfer',500,1,'54f6f267-9892-4ff0-99cc-a6aca1e00f78','f2b31a99-5274-4b62-be37-57a7f78ba04e','650c6cc4-ebf8-499d-b702-956e36e89ada','dc2c0883-6fb7-4b5c-a954-c7b0cd0df859','2025-03-03 15:10:23','2025-03-03 20:30:01'),('Transfer',1000,1,'8f1d16b1-6e14-43fc-96fb-af7235addf04','650c6cc4-ebf8-499d-b702-956e36e89ada',NULL,'dcf1549d-de0d-4ca3-bed4-f6ee666c5ec6','2025-03-02 21:51:26','2025-03-02 21:51:26'),('Transfer',10000,1,'beb0f519-9fd9-4778-9870-6829a6f4b88e','650c6cc4-ebf8-499d-b702-956e36e89ada','f2b31a99-5274-4b62-be37-57a7f78ba04e','de835994-dd11-4090-ada6-87cc72ab802c','2025-03-01 13:20:36','2025-03-02 18:49:28'),('Transfer',2000,0,'b69d571b-c80e-4013-bc78-64b3064b9261','3608d9a5-0062-481e-bb02-f4f049cf4ae2',NULL,'e6fd59c9-ae6c-42c6-9906-08566046e0b1','2025-03-04 17:51:21','2025-03-04 17:51:21'),('Transfer',500,1,'b594c16a-f461-487f-b51a-2caf91ebefa1','650c6cc4-ebf8-499d-b702-956e36e89ada','64e03960-9e8b-4b66-b716-ccedaf09941b','ec1d6291-c1f6-4ee0-b8ef-524d821cf4bc','2025-03-03 22:15:55','2025-03-04 13:22:32'),('Transfer',5000,1,'487d356b-3df1-41af-835c-76bc10e086af','f2b31a99-5274-4b62-be37-57a7f78ba04e',NULL,'ed6dadc3-23bf-4e79-add0-db154340bbd6','2025-03-04 20:11:11','2025-03-04 20:11:11'),('Transfer',2000,1,'db65d5cf-a290-4fe1-8eef-4e414031dbc6','3608d9a5-0062-481e-bb02-f4f049cf4ae2',NULL,'edb9ad3d-d374-45e9-a7dc-f93074f8c2e4','2025-03-04 17:58:21','2025-03-04 17:58:21'),('Transfer',500,0,'c7a4370f-f13b-4eaa-9b1c-fcd9eb5b760c','650c6cc4-ebf8-499d-b702-956e36e89ada',NULL,'f6a31b7b-09b2-4023-9422-3045d13223f3','2025-03-03 18:20:55','2025-03-03 18:20:55'),('Transfer',2000,1,'33095574-d924-4d28-a722-d316a0cb2985','650c6cc4-ebf8-499d-b702-956e36e89ada','650c6cc4-ebf8-499d-b702-956e36e89ada','f78d9105-4a89-4b71-9130-7bce8dd5e6d9','2025-03-03 19:07:07','2025-03-03 20:29:44'),('Transfer',2600,0,'b69d571b-c80e-4013-bc78-64b3064b9261','3608d9a5-0062-481e-bb02-f4f049cf4ae2',NULL,'f7e63c1c-e516-4773-a79f-2bab528b80db','2025-03-04 13:55:50','2025-03-04 13:55:50'),('Transfer',7300,0,'beb0f519-9fd9-4778-9870-6829a6f4b88e','3608d9a5-0062-481e-bb02-f4f049cf4ae2',NULL,'f8a92ed9-ddf4-46d2-95ab-0618908daa8d','2025-03-04 17:10:52','2025-03-04 17:10:52'),('Transfer',3000,1,'69eb1adb-c7cd-469b-8e06-a0acb5caf857','f2b31a99-5274-4b62-be37-57a7f78ba04e',NULL,'f9df944a-c271-443c-974b-fc7e51d9fa5d','2025-03-04 20:57:33','2025-03-04 20:57:33'),('Transfer',500,0,'c7a4370f-f13b-4eaa-9b1c-fcd9eb5b760c','f2b31a99-5274-4b62-be37-57a7f78ba04e',NULL,'fba3d816-889f-49c9-a115-b9ef48b5bf02','2025-03-03 15:33:54','2025-03-03 15:33:54'),('Transfer',4800,1,'f672af4e-5be2-4471-9d25-43a0521c2a43','3608d9a5-0062-481e-bb02-f4f049cf4ae2','f2b31a99-5274-4b62-be37-57a7f78ba04e','fcacbb0e-c127-4588-9889-65461ddccdfd','2025-03-04 17:14:19','2025-03-04 21:01:44');
/*!40000 ALTER TABLE `orders` ENABLE KEYS */;
UNLOCK TABLES;

--
-- Table structure for table `private_messages`
--

DROP TABLE IF EXISTS `private_messages`;
/*!40101 SET @saved_cs_client     = @@character_set_client */;
/*!50503 SET character_set_client = utf8mb4 */;
CREATE TABLE `private_messages` (
  `sender_id` varchar(50) NOT NULL,
  `receiver_id` varchar(50) NOT NULL,
  `text` text,
  `media` blob,
  `is_read` tinyint(1) DEFAULT NULL,
  `id` varchar(60) NOT NULL,
  `created_at` datetime DEFAULT NULL,
  `updated_at` datetime DEFAULT NULL,
  PRIMARY KEY (`id`),
  KEY `sender_id` (`sender_id`),
  KEY `receiver_id` (`receiver_id`),
  CONSTRAINT `private_messages_ibfk_1` FOREIGN KEY (`sender_id`) REFERENCES `users` (`id`) ON DELETE CASCADE,
  CONSTRAINT `private_messages_ibfk_2` FOREIGN KEY (`receiver_id`) REFERENCES `users` (`id`) ON DELETE CASCADE
) ENGINE=InnoDB DEFAULT CHARSET=utf8mb4 COLLATE=utf8mb4_0900_ai_ci;
/*!40101 SET character_set_client = @saved_cs_client */;

--
-- Dumping data for table `private_messages`
--

LOCK TABLES `private_messages` WRITE;
/*!40000 ALTER TABLE `private_messages` DISABLE KEYS */;
/*!40000 ALTER TABLE `private_messages` ENABLE KEYS */;
UNLOCK TABLES;

--
-- Table structure for table `receipts`
--

DROP TABLE IF EXISTS `receipts`;
/*!40101 SET @saved_cs_client     = @@character_set_client */;
/*!50503 SET character_set_client = utf8mb4 */;
CREATE TABLE `receipts` (
  `receipt_no` varchar(60) NOT NULL,
  `order_id` varchar(60) DEFAULT NULL,
  `booking_id` varchar(60) DEFAULT NULL,
  `id` varchar(60) NOT NULL,
  `created_at` datetime DEFAULT NULL,
  `updated_at` datetime DEFAULT NULL,
  PRIMARY KEY (`id`),
  UNIQUE KEY `receipt_no` (`receipt_no`),
  KEY `order_id` (`order_id`),
  KEY `booking_id` (`booking_id`),
  CONSTRAINT `receipts_ibfk_1` FOREIGN KEY (`order_id`) REFERENCES `orders` (`id`),
  CONSTRAINT `receipts_ibfk_2` FOREIGN KEY (`booking_id`) REFERENCES `bookings` (`id`)
) ENGINE=InnoDB DEFAULT CHARSET=utf8mb4 COLLATE=utf8mb4_0900_ai_ci;
/*!40101 SET character_set_client = @saved_cs_client */;

--
-- Dumping data for table `receipts`
--

LOCK TABLES `receipts` WRITE;
/*!40000 ALTER TABLE `receipts` DISABLE KEYS */;
INSERT INTO `receipts` VALUES ('WCHS0087','a138e38f-9172-468d-b778-65a32de84841',NULL,'000b9e35-80de-4eb0-9de8-5070b558a684','2025-03-03 15:19:11','2025-03-03 15:19:11'),('WCHS0158','42363cfe-ee1e-4a4d-9ed0-61a0a0842d34',NULL,'007634d4-f10f-454c-ad9a-dfbef95fb3fa','2025-03-04 17:56:10','2025-03-04 17:56:10'),('WCHS0005',NULL,'603e9d9e-513c-45be-8b8f-544956b8a151','0303aa8e-8177-431c-8cc6-4d155b157b62','2025-03-01 12:46:25','2025-03-01 12:46:25'),('WCHS0167','64fb3a8e-ebab-4e16-add0-4dcd2a82a497',NULL,'0375f8df-dddf-45df-a367-61b54baab2b3','2025-03-04 19:01:12','2025-03-04 19:01:12'),('WCHS0040','d2fb14de-3bf4-4ccc-8a4f-90a8d2cb1689',NULL,'06d56eca-c9c7-4165-a3b0-6ed34a5b839f','2025-03-02 18:29:39','2025-03-02 18:29:39'),('WCHS0006',NULL,'a46b7305-3444-48b8-a201-4bec00ab4884','082bbb1d-a6c7-40e7-b309-bac2f8ba6ce9','2025-03-01 12:53:59','2025-03-01 12:53:59'),('WCHS0077','0f9b95c0-fd94-4038-8a74-ff7d1fd086c3',NULL,'0b1807aa-33d6-415f-8d5b-a25d30568355','2025-03-03 12:53:19','2025-03-03 12:53:19'),('WCHS0143','93a8738c-ce99-43b8-aa54-9bad16c8d5c5',NULL,'0c4f10f6-9bf4-47a9-b6e1-d9a8543f5dd9','2025-03-04 14:09:01','2025-03-04 14:09:01'),('WCHS0108','233a8766-f620-4689-bbbd-1554fe72c48a',NULL,'0de8f0f1-09a0-4ce8-9244-8438e9401387','2025-03-03 20:24:39','2025-03-03 20:24:39'),('WCHS0178','f9df944a-c271-443c-974b-fc7e51d9fa5d',NULL,'0ebb0743-3bb8-45da-990f-52954442c6ed','2025-03-04 20:57:33','2025-03-04 20:57:33'),('WCHS0056','a820fe51-d9a8-462d-a718-1cb961974947',NULL,'134779a8-48f5-4fcc-bb41-32c007ec2653','2025-03-02 18:46:14','2025-03-02 18:46:14'),('WCHS0110','37dde8d1-e801-423f-91fb-e29cbaf188da',NULL,'13eaf814-7594-40b8-8713-9bce6dc24af3','2025-03-03 20:28:45','2025-03-03 20:28:45'),('WCHS0036',NULL,'f0c1383d-972f-4c94-992a-bfd2eb0260d0','151590ad-b9ee-4734-8373-def5dcf43370','2025-03-02 18:20:51','2025-03-02 18:20:51'),('WCHS0045','774ed39a-b9a5-4b40-9676-7aaf3b96a48d',NULL,'15e7dbd0-022c-441f-b703-c3366ff00723','2025-03-02 18:39:38','2025-03-02 18:39:38'),('WCHS0137',NULL,'3e4dbf34-d78f-4c81-94fd-c8d72c434e26','15ef07a6-bcea-47af-934e-9e70bb4e9a57','2025-03-04 13:59:04','2025-03-04 13:59:04'),('WCHS0141','09d12edd-7030-41a2-acd4-b69e10671ca9',NULL,'171978a8-adbb-4edc-90ec-4bb89a136492','2025-03-04 14:07:13','2025-03-04 14:07:13'),('WCHS0053','903aea45-924f-411d-b1bf-9e4e2b81adcb',NULL,'17cbf6ee-8118-4877-ba37-c4138dbd0254','2025-03-02 18:44:24','2025-03-02 18:44:24'),('WCHS0081',NULL,'c25e064e-d73e-453b-8260-ae73511ee289','188d08b2-f814-48e3-a338-4e1ec5e508e3','2025-03-03 13:51:00','2025-03-03 13:51:00'),('WCHS0115','c8eb03e4-275d-4ede-9a63-572319a65c2d',NULL,'1be98333-c785-4a76-b3e8-46e91ae33d6d','2025-03-03 21:04:41','2025-03-03 21:04:41'),('WCHS0101','f6a31b7b-09b2-4023-9422-3045d13223f3',NULL,'22f795ff-d815-4c6d-aa1d-9a93280ffd38','2025-03-03 18:20:55','2025-03-03 18:20:55'),('WCHS0135','9046f546-a7b8-4315-9684-8bc9ef1de20e',NULL,'2329ff77-d3ed-42bc-900f-241bb7f7f08e','2025-03-04 13:52:56','2025-03-04 13:52:56'),('WCHS0076','9615026b-d74a-496f-b6ac-94c731243279',NULL,'23e3bdd7-001f-478e-b94e-367e9fda5fc3','2025-03-02 22:24:42','2025-03-02 22:24:42'),('WCHS0169',NULL,'c294fa39-e8f5-480d-82e7-6f56d50c72ac','256301d1-f24f-4559-99dc-34745af8d794','2025-03-04 19:33:36','2025-03-04 19:33:36'),('WCHS0083','69462aa8-8eb4-41de-950e-6e89a05d6c5e',NULL,'29aa153e-6e00-4fb7-98da-dbe6e6f5976f','2025-03-03 15:09:10','2025-03-03 15:09:10'),('WCHS0082','a65b047a-c0c3-4b6a-a833-da4e0adf4f3b',NULL,'2c626718-ac63-408d-a108-330a43fbec23','2025-03-03 15:06:41','2025-03-03 15:06:41'),('WCHS0041','db979da8-e58f-482e-89fd-7ef6ad3cfe46',NULL,'30b9ac33-413c-4270-94d4-9935d7429d55','2025-03-02 18:31:06','2025-03-02 18:31:06'),('WCHS0117','7cb6d5c3-f696-447e-a88b-d52652d03de0',NULL,'31ca75aa-c2e9-4362-9547-649f2bcf036a','2025-03-03 21:08:27','2025-03-03 21:08:27'),('WCHS0113','beb25835-7ef7-45ac-a6af-306c4dcc4147',NULL,'333d9be6-18c3-4284-8dcb-7cf6391cbdb8','2025-03-03 21:03:32','2025-03-03 21:03:32'),('WCHS0061','44d59797-dd0d-4a6f-bfa4-d54acd5b8398',NULL,'33c54ee2-61ac-45cd-bc7b-94d903d813b2','2025-03-02 18:56:03','2025-03-02 18:56:03'),('WCHS0146',NULL,'b72cf9b4-3a98-43e9-8df1-33b8dc5e2c73','346d3e88-b781-49db-b785-b6c19777e2d7','2025-03-04 17:04:45','2025-03-04 17:04:45'),('WCHS0065','3cd97db4-2147-4221-9bf8-54d4577adfd8',NULL,'37febdbc-ce6f-4d4c-8dad-804dd0e55d25','2025-03-02 20:10:19','2025-03-02 20:10:19'),('WCHS0042','391a4017-b35f-4a07-9bbb-4f2e7db1d08e',NULL,'3860bfb1-d035-4f1d-b2ce-482accd652c2','2025-03-02 18:32:08','2025-03-02 18:32:08'),('WCHS0060','8da5ed36-321b-4f7e-8650-d7c9a1a9cfc2',NULL,'3880f33a-6ee5-4180-89cd-2b4b52423598','2025-03-02 18:48:58','2025-03-02 18:48:58'),('WCHS0057','02c670ca-504e-4ac7-89f3-722bea65fdeb',NULL,'39d9d2f8-7450-4fd4-b578-dafd81bdb283','2025-03-02 18:46:42','2025-03-02 18:46:42'),('WCHS0102','63601646-ad49-43a2-8763-52cd8d319cf8',NULL,'3c7e1b41-a499-49da-9461-f94a9d509708','2025-03-03 18:36:51','2025-03-03 18:36:51'),('WCHS0044','cb6581f9-7d13-489e-8bf3-306ec4b51650',NULL,'3f3e40ad-be31-4134-beca-d2a30d6f8da7','2025-03-02 18:38:37','2025-03-02 18:38:37'),('WCHS0050','586fd756-4481-43fa-ac09-e8d0810b002c',NULL,'403d6f8f-30b8-4c16-b86a-286b1c097910','2025-03-02 18:41:32','2025-03-02 18:41:32'),('WCHS0148','d3c74bb9-f397-49bb-a18e-f14e56abd205',NULL,'4115fae0-d81a-45ec-8c38-69d6521213e2','2025-03-04 17:09:16','2025-03-04 17:09:16'),('WCHS0094',NULL,'5e5b8970-b7eb-42b1-a853-9b2107dbdadf','417a1ed6-a35f-4b6e-8e90-7d2053dda269','2025-03-03 16:02:19','2025-03-03 16:02:19'),('WCHS0150','fcacbb0e-c127-4588-9889-65461ddccdfd',NULL,'429d5264-1b2f-49e2-8cba-84268913c3ee','2025-03-04 17:14:19','2025-03-04 17:14:19'),('WCHS0155','804df732-c0e9-4db2-911f-fb685668b8b1',NULL,'4334ed4b-beee-4bf7-9103-8121bfa0b72d','2025-03-04 17:47:19','2025-03-04 17:47:19'),('WCHS0130',NULL,'18bf5dfc-7c64-4301-b87f-f43b6f690eb2','43b42b69-ed7a-4225-a16c-58abaf1973ff','2025-03-04 13:29:12','2025-03-04 13:29:12'),('WCHS0018','9d5cc229-87ad-469d-992a-7d34bb5ca62d',NULL,'461e70da-d6ed-4620-9137-3142f66ccc13','2025-03-01 14:44:55','2025-03-01 14:44:55'),('WCHS0133','d49317ca-5f4f-4a19-a0fc-511d7f437a25',NULL,'467ac1de-35b7-4abf-b4de-f35ac647ea8f','2025-03-04 13:47:56','2025-03-04 13:47:56'),('WCHS0160','edb9ad3d-d374-45e9-a7dc-f93074f8c2e4',NULL,'4794cf8b-08e6-40f8-bf4a-498ff65c3468','2025-03-04 17:58:21','2025-03-04 17:58:21'),('WCHS0132','b05d3f10-2ac8-485f-ae85-de66e955c572',NULL,'48398f7d-50cc-40b6-9926-dff6c459c460','2025-03-04 13:45:42','2025-03-04 13:45:42'),('WCHS0064','cd82f114-4802-4a00-b749-cc0e8c54ce80',NULL,'48c2ceb7-7cec-4546-98a4-e512443ff03e','2025-03-02 19:29:30','2025-03-02 19:29:30'),('WCHS0171','4b8447db-4942-49cb-aca3-c445170f494e',NULL,'4e36ebf3-7184-447a-a204-adf7e9649238','2025-03-04 19:54:02','2025-03-04 19:54:02'),('WCHS0027','6829bd94-b29d-4d1d-be0a-3c012f9ecea7',NULL,'4f1baf92-a07e-4298-b854-7394298b1aad','2025-03-01 18:47:30','2025-03-01 18:47:30'),('WCHS0021','89e5f4dc-f5f7-47c0-a98e-f67b00992b0a',NULL,'4ff22926-1608-4c28-8df5-ea3d1c1c2653','2025-03-01 15:53:43','2025-03-01 15:53:43'),('WCHS0119','72d0f9d2-e4b5-48fd-9995-6736e4e0da2f',NULL,'513bebaf-7ca9-409c-af93-0fcfc3a9a60c','2025-03-03 21:11:42','2025-03-03 21:11:42'),('WCHS0100','522e8a0b-a8f7-4928-8bfc-142593722805',NULL,'52299c81-48e7-4c5c-8c97-221b7e7cc464','2025-03-03 18:18:15','2025-03-03 18:18:15'),('WCHS0127','a3bd44af-8a9e-4320-b3d6-984a0e75c2d5',NULL,'522b6224-3f0d-485f-b6b4-23ab593dc1df','2025-03-03 23:19:54','2025-03-03 23:19:54'),('WCHS0136','f7e63c1c-e516-4773-a79f-2bab528b80db',NULL,'54d94b63-e950-4b4c-ac03-6b6ca2b9bccf','2025-03-04 13:55:50','2025-03-04 13:55:50'),('WCHS0096',NULL,'5088e38d-1a78-4782-94a8-01889c04534e','55b8faec-fae0-425f-b49d-c42dcfa75797','2025-03-03 16:23:53','2025-03-03 16:23:53'),('WCHS0170','7792e9a2-ea92-4602-ac32-41f52d6d0fda',NULL,'56a9f230-7788-4b73-a134-ab3f5a28a304','2025-03-04 19:52:42','2025-03-04 19:52:42'),('WCHS0164','6d501170-b35a-470b-8915-ade6207a20df',NULL,'576b1184-c8c7-4c5e-9d91-c307f06e9f60','2025-03-04 18:15:44','2025-03-04 18:15:44'),('WCHS0051','d38df74c-0b61-47d2-8d47-d87c250b399c',NULL,'59781f2d-a953-406b-966b-9b64191bab0d','2025-03-02 18:42:21','2025-03-02 18:42:21'),('WCHS0052','149b8c25-8ea7-40e7-8b4b-17d0b6819207',NULL,'5bf4cfa0-8c96-4ab8-ac4e-6ac6a7559aa6','2025-03-02 18:43:51','2025-03-02 18:43:51'),('WCHS0134','2a7c0cc6-3aaf-4e97-ab22-1e5d69bb8d50',NULL,'5eccaa8b-a9ba-4dcd-b3f4-3b371bed5878','2025-03-04 13:49:02','2025-03-04 13:49:02'),('WCHS0078','aeb0b90a-1fdb-4c3b-864f-4567aae60e34',NULL,'61d820d6-30f2-411b-9f8f-0161f4514384','2025-03-03 12:55:27','2025-03-03 12:55:27'),('WCHS0048','3ba9d63f-dff7-46f8-b6b5-cce30ab8ac96',NULL,'62fc464c-e319-48d7-8d5b-900df1c85c54','2025-03-02 18:40:34','2025-03-02 18:40:34'),('WCHS0106','4a744670-6fc4-4bbe-8a7e-47f80e80a1e7',NULL,'69c582bb-e4b9-4bd3-b6c9-8d2a212cece3','2025-03-03 19:22:41','2025-03-03 19:22:41'),('WCHS0138','07be1ca9-9a23-4cd9-8be1-382f2f05a39f',NULL,'6a7de925-7539-4974-9daa-9baf2eb24dae','2025-03-04 14:01:05','2025-03-04 14:01:05'),('WCHS0031','96d6594b-a3e5-44c6-9e15-a91e0b296ae7',NULL,'6c937c8f-0b20-42f9-a1e8-30ec8eaf9a40','2025-03-01 19:53:41','2025-03-01 19:53:41'),('WCHS0121','d170669d-7484-4dfd-b9cb-e1ec157e3ad9',NULL,'6fd27ebe-8dba-4535-b191-ee9604415e83','2025-03-03 21:44:09','2025-03-03 21:44:09'),('WCHS0099','3775d77e-4487-436c-ad54-9220d77a6e30',NULL,'71e94d9d-d11f-46a6-a3bf-936a06d64644','2025-03-03 17:57:10','2025-03-03 17:57:10'),('WCHS0049','a91c3692-e9f6-4ae6-a539-e0138f434ca1',NULL,'7463bc96-8bf4-4516-950e-f222c274e071','2025-03-02 18:41:10','2025-03-02 18:41:10'),('WCHS0062','873aee8d-bb53-46cc-861c-0ef08903f656',NULL,'775ab06f-f50b-4ef5-a543-1158888905cd','2025-03-02 19:13:30','2025-03-02 19:13:30'),('WCHS0035',NULL,'de56f155-8f17-4793-841d-809fd75c481e','78df7157-e945-4ffc-a578-eb98637303af','2025-03-02 18:19:38','2025-03-02 18:19:38'),('WCHS0161','34aa5fd1-da2d-461d-9de4-c3ef19fa2e47',NULL,'7a4bf0ac-108a-4ced-8862-5166b390f862','2025-03-04 18:00:45','2025-03-04 18:00:45'),('WCHS0067','ba9655f4-86c3-4242-b400-254df7f3be87',NULL,'7a552d8e-6f50-4c57-9819-6824e4edc506','2025-03-02 20:11:38','2025-03-02 20:11:38'),('WCHS0145','33fb95a1-c5eb-4cee-87d9-713014cdd8a8',NULL,'7bb182ad-a766-432d-ba7f-df29aa0d6afe','2025-03-04 14:10:39','2025-03-04 14:10:39'),('WCHS0175','11f116a8-9ac1-4a42-9611-c65e705d924b',NULL,'7ca88419-d4e7-4be2-923a-9a22471e1ee2','2025-03-04 20:13:58','2025-03-04 20:13:58'),('WCHS0066','2b6f1bee-1862-4fd1-8988-3fa620c5c150',NULL,'7e39c17a-a75c-4ea4-ad88-ba54854f31dc','2025-03-02 20:10:49','2025-03-02 20:10:49'),('WCHS0086','0368de5b-bb9c-49d2-b640-4774f7183b53',NULL,'80a03645-b9b2-4525-bfb1-c58fd9159a69','2025-03-03 15:16:15','2025-03-03 15:16:15'),('WCHS0166','0678b405-74bd-40ad-be50-59f76de426f2',NULL,'80bd6a8a-caad-4112-82c4-c4a4c54500ca','2025-03-04 18:30:20','2025-03-04 18:30:20'),('WCHS0125','661c36cd-92a5-4824-adcf-d2923cf0780c',NULL,'825a1495-60d1-4688-859e-dfc7be07f43c','2025-03-03 22:53:55','2025-03-03 22:53:55'),('WCHS0177','7bf39b7e-3328-4ee9-ad6c-f196d7f52da9',NULL,'87837de1-fb48-4eb5-b28a-5382e7288c52','2025-03-04 20:50:10','2025-03-04 20:50:10'),('WCHS0028','256184e3-a2b9-4783-a77b-d7a4e730d61d',NULL,'87bb5cb7-74bb-4ace-950c-654aaf733bc5','2025-03-01 18:52:05','2025-03-01 18:52:05'),('WCHS0122','4e90e50d-ae71-4c1a-929b-9e0e034977e6',NULL,'885c890c-fa71-46d0-ad43-bf8da58c0083','2025-03-03 21:46:02','2025-03-03 21:46:02'),('WCHS0151',NULL,'6dee988e-9ed5-4e0b-b7a2-edc390ff7fe6','8b2848a9-110d-4eb0-9b0b-f452a4b55f1f','2025-03-04 17:17:32','2025-03-04 17:17:32'),('WCHS0092','c469fb75-d322-4240-8901-064f58cb906b',NULL,'8b945616-3b1e-469d-a819-141c9c8b57a7','2025-03-03 15:32:25','2025-03-03 15:32:25'),('WCHS0084','dc2c0883-6fb7-4b5c-a954-c7b0cd0df859',NULL,'8e2652f1-6e59-4b04-9f69-12f7f1b7e9e3','2025-03-03 15:10:23','2025-03-03 15:10:23'),('WCHS0046','1b079514-39e8-4626-a598-2d21925f9b70',NULL,'8f57bc54-dfdb-4dd7-aa18-2a1e3224c55c','2025-03-02 18:40:05','2025-03-02 18:40:05'),('WCHS0043','a61c6932-de76-4c9c-9b20-22e13d28ed6f',NULL,'90673197-7ca9-48d8-973a-0e9fbcdd2d41','2025-03-02 18:33:19','2025-03-02 18:33:19'),('WCHS0172','c937cb6e-5a89-4fc5-88ca-0114c3fd91ab',NULL,'909d09f4-fe5c-4ed4-adca-d1ef1e309d43','2025-03-04 19:54:58','2025-03-04 19:54:58'),('WCHS0080',NULL,'6bae0d6c-62a0-4fcb-8136-32c33581f1b0','9426d1f1-8644-4546-8967-78ab625dfd98','2025-03-03 13:45:01','2025-03-03 13:45:01'),('WCHS0069','6f12e789-c2a4-4e6e-96e6-1288612e19d1',NULL,'94fdef45-d62b-43ba-a126-f4c6b341c649','2025-03-02 20:20:37','2025-03-02 20:20:37'),('WCHS0017','5926d7b7-f919-4232-8c4a-82ae4c00b5ea',NULL,'98550fe1-1b92-4d69-acf2-6d16f9176abb','2025-03-01 14:40:08','2025-03-01 14:40:08'),('WCHS0124','ec1d6291-c1f6-4ee0-b8ef-524d821cf4bc',NULL,'98cc290c-ca75-49b2-8ff5-bbba41ad5825','2025-03-03 22:15:55','2025-03-03 22:15:55'),('WCHS0022','db5ced08-e01e-41ce-84a7-f823c4831461',NULL,'997eedb6-fcaa-4050-a866-8afd6c9fdc49','2025-03-01 16:35:06','2025-03-01 16:35:06'),('WCHS0058','7774db8f-8551-4cd4-ad8f-2f26c31fb518',NULL,'9b4f6b32-d2cf-48e5-80b6-1c85b22a72ca','2025-03-02 18:47:19','2025-03-02 18:47:19'),('WCHS0071','dcf1549d-de0d-4ca3-bed4-f6ee666c5ec6',NULL,'9d9718b6-6e29-4893-a9b6-13c5624bea7c','2025-03-02 21:51:26','2025-03-02 21:51:26'),('WCHS0034','19938227-2859-452f-b0f0-a38b5fef2e39',NULL,'9f54c218-9728-42a0-9752-ac3740dbebf2','2025-03-02 18:16:20','2025-03-02 18:16:20'),('WCHS0112','77b55187-1794-433a-ad56-ea2cf864a1a7',NULL,'a10a84eb-74a6-4232-b70a-e45ff3a638c7','2025-03-03 21:02:34','2025-03-03 21:02:34'),('WCHS0090','498d583f-dca8-4324-ac68-01306bb30c26',NULL,'a253598d-4f0b-4d0d-8007-cd7ba24ad5b5','2025-03-03 15:28:52','2025-03-03 15:28:52'),('WCHS0123','9be42b0b-9f9c-43e2-9c1e-532c3b13406f',NULL,'a349f98b-1453-49a2-8448-c451633a65a0','2025-03-03 22:06:28','2025-03-03 22:06:28'),('WCHS0091','bc89f730-9ba5-4f33-82ae-f7c6cfb53426',NULL,'a3dcac1b-9bda-483a-9e79-8a94e1b60bdd','2025-03-03 15:30:19','2025-03-03 15:30:19'),('WCHS0149','f8a92ed9-ddf4-46d2-95ab-0618908daa8d',NULL,'a60ff0dc-f3bb-487f-968e-82e125307d62','2025-03-04 17:10:52','2025-03-04 17:10:52'),('WCHS0085','2c48fd87-f0cf-43cc-a758-404e1d138626',NULL,'a6af4b7c-d297-4bda-aead-1594bfdc820c','2025-03-03 15:12:21','2025-03-03 15:12:21'),('WCHS0126','9b42852e-2e59-4e24-a268-28a017b61262',NULL,'a902f06d-d3cd-4d41-ab47-da90864f3bbb','2025-03-03 23:10:35','2025-03-03 23:10:35'),('WCHS0033','7b343a3e-b63d-4e82-9a16-5e6f9614bbbc',NULL,'ae8b617a-5e30-4379-b25d-1a7c131c3f16','2025-03-02 18:13:33','2025-03-02 18:13:33'),('WCHS0147','1e05742b-da73-4237-900c-7ba3e0e7680b',NULL,'aff18f75-66e9-4452-a1f5-c70a8c956325','2025-03-04 17:05:34','2025-03-04 17:05:34'),('WCHS0074','69dd7402-4d2e-4026-80a6-ee40003a0d00',NULL,'b02e7e3d-877a-4d56-83c8-2b4a541b550b','2025-03-02 21:56:58','2025-03-02 21:56:58'),('WCHS0104','afbbcb2b-9d69-4057-9ade-fe8c910975e5',NULL,'b0550343-8d95-4d49-96c7-d5bfc9cbc10b','2025-03-03 19:07:28','2025-03-03 19:07:28'),('WCHS0142','3f2c543d-80ff-453b-9d6a-ba8ea0e9a548',NULL,'b0a77e6c-a8b7-465e-9a65-f5b1c1b34659','2025-03-04 14:08:18','2025-03-04 14:08:18'),('WCHS0011','b867b073-4fcb-49e8-aec8-f0d55cb7bc90',NULL,'b1aeb942-4def-4acd-b4e1-cb02f12dbc76','2025-03-01 13:34:37','2025-03-01 13:34:37'),('WCHS0010','42e98c76-3a58-40ce-be42-03811527cd24',NULL,'b3d9f2dc-d3fc-4f3d-a625-2af326fb8654','2025-03-01 13:28:24','2025-03-01 13:28:24'),('WCHS0109','5d3bcd76-7d37-4065-bcac-0c7cee6ecc86',NULL,'b50fde64-3930-4c9f-a0a9-65fa4534f335','2025-03-03 20:24:59','2025-03-03 20:24:59'),('WCHS0173','746728be-6782-4b5c-9eb9-6be1a1515126',NULL,'b6222a5d-f7b3-47ee-b52b-a8ae8d4d1a58','2025-03-04 19:57:12','2025-03-04 19:57:12'),('WCHS0111','8a1a79d5-2d4d-4ef9-a6e1-13a064288f60',NULL,'b7fd5215-e6b7-4943-9a22-c8c3a61b4bd8','2025-03-03 20:43:53','2025-03-03 20:43:53'),('WCHS0095','aedaa404-f4c7-4c85-ab4b-216b7a31f508',NULL,'b8b996d5-46c4-48a1-a43c-d7f461f84442','2025-03-03 16:03:05','2025-03-03 16:03:05'),('WCHS0023','a7122512-8bf8-461e-a1a6-cbf0becb4dec',NULL,'b8dc3420-7e7c-4fde-b1e6-2b1e90947a5f','2025-03-01 16:56:46','2025-03-01 16:56:46'),('WCHS0070','4bac2cc6-8290-4ab9-a666-5fdcb63faf76',NULL,'bae20b69-a614-4005-bdec-ba835438a805','2025-03-02 20:25:20','2025-03-02 20:25:20'),('WCHS0168',NULL,'c624a0d1-c633-4cc0-9d62-e7ba24107745','c12a4796-6dcb-4fb8-9fa4-5de43a90cb7e','2025-03-04 19:22:42','2025-03-04 19:22:42'),('WCHS0159','959d3e14-542e-4f5e-9534-be825f3e01f2',NULL,'c4053e1b-e57a-4ddf-a0fb-54f14fb18138','2025-03-04 17:57:43','2025-03-04 17:57:43'),('WCHS0105','785f31c5-dd70-466d-854f-22a40e66385e',NULL,'c437273f-1316-4e66-a153-69b82335bcd0','2025-03-03 19:19:45','2025-03-03 19:19:45'),('WCHS0002',NULL,'bf9901de-03b3-42cd-bb2a-e050dd98303a','c4f87b2f-9e61-4c20-8a9f-e6aae9921bbc','2025-03-01 12:32:03','2025-03-01 12:32:03'),('WCHS0098','8e6da6d1-20ed-4df9-8e00-92beee0e922c',NULL,'c57b0746-6dac-4765-a289-8a7149cd39ba','2025-03-03 17:27:08','2025-03-03 17:27:08'),('WCHS0165','2b440dcd-6a00-4f31-83e4-54bf2561494e',NULL,'c84d2737-d373-47b5-a336-bc37a7ef330f','2025-03-04 18:27:07','2025-03-04 18:27:07'),('WCHS0008','bdd89a09-2d6b-42ff-ba1a-7c4be065efe4',NULL,'cc2c7837-9427-47e4-918a-832db92fb1e3','2025-03-01 13:24:34','2025-03-01 13:24:34'),('WCHS0129','582fdf98-6e47-4a2c-b2a4-5319a389c9b6',NULL,'cf21ddde-d9c8-465e-9321-c7534c0c61c0','2025-03-03 23:29:43','2025-03-03 23:29:43'),('WCHS0103','f78d9105-4a89-4b71-9130-7bce8dd5e6d9',NULL,'cfd944f8-7c54-474e-98f0-abd08f023d15','2025-03-03 19:07:07','2025-03-03 19:07:07'),('WCHS0026','7f6c2aec-dcd0-4bd6-b3da-684634cc8b07',NULL,'d07950c3-4382-4574-8f3d-110a82aefeac','2025-03-01 18:42:52','2025-03-01 18:42:52'),('WCHS0156','e6fd59c9-ae6c-42c6-9906-08566046e0b1',NULL,'d1985f7a-d2bd-45bb-9637-d9f50979b5ae','2025-03-04 17:51:21','2025-03-04 17:51:21'),('WCHS0055','997dfc6a-1caa-4586-9f7c-bd08cc01011d',NULL,'d1ae2857-9708-415f-9eb3-f6ad3b67159e','2025-03-02 18:45:18','2025-03-02 18:45:18'),('WCHS0093','fba3d816-889f-49c9-a115-b9ef48b5bf02',NULL,'d1facad6-94f3-4ce9-ab1c-282e24228ac0','2025-03-03 15:33:54','2025-03-03 15:33:54'),('WCHS0020','1848d388-14c1-45e6-8d66-cfb487cb301f',NULL,'d25b3268-2ae9-41b5-9647-0ce399c5fe54','2025-03-01 15:52:45','2025-03-01 15:52:45'),('WCHS0024','0f5caa42-6a0b-4fae-98cd-cc50c018ab92',NULL,'d2ae315c-9a18-4ae5-8056-faebbd82c0e5','2025-03-01 18:18:50','2025-03-01 18:18:50'),('WCHS0016','5befb166-4b54-4ac8-a819-e5a9431da1f8',NULL,'d73cfb63-739d-44b2-b0e8-9ee2b00ea1be','2025-03-01 14:20:40','2025-03-01 14:20:40'),('WCHS0174','ed6dadc3-23bf-4e79-add0-db154340bbd6',NULL,'d787b06b-627e-4342-a74f-41cd38ed0d5e','2025-03-04 20:11:11','2025-03-04 20:11:11'),('WCHS0007','de835994-dd11-4090-ada6-87cc72ab802c',NULL,'d7ff8b7c-b91f-4fe7-9a82-39699ad78b3e','2025-03-01 13:20:36','2025-03-01 13:20:36'),('WCHS0162','46d43c9b-f307-49ba-be3f-19a3ac6079e6',NULL,'d909a7d5-57b3-44dc-9713-4e6848b1aaef','2025-03-04 18:13:21','2025-03-04 18:13:21'),('WCHS0128','3506d985-363d-4a9f-b1af-bfb75cde2ac4',NULL,'d9f00dea-78c0-4a76-9c5a-3f3f7c126599','2025-03-03 23:29:05','2025-03-03 23:29:05'),('WCHS0118','ae307649-5eb5-4042-bb66-5656d5a0bbe1',NULL,'da647f73-d29d-4b8c-a853-338228eb2ece','2025-03-03 21:11:28','2025-03-03 21:11:28'),('WCHS0073','0bd5cfa1-6519-4316-b003-71ee1385fa07',NULL,'db120f33-ab4c-40fb-90b0-af6a8c0df8ea','2025-03-02 21:55:30','2025-03-02 21:55:30'),('WCHS0019','0b0ec1d5-ca88-4f09-b25c-5c73c2a5443e',NULL,'dbeeb102-b439-48b8-a929-f3beb1a981f6','2025-03-01 15:42:22','2025-03-01 15:42:22'),('WCHS0107','812877d8-e30e-41cc-b27d-545a6bc85519',NULL,'df24340e-020d-4f88-a925-24c4c3613ff7','2025-03-03 19:57:53','2025-03-03 19:57:53'),('WCHS0157','b7ed2a4f-cad0-4a67-a09b-7b40b278161f',NULL,'e0dfdd68-f597-42bd-9aa8-49eceeef00f3','2025-03-04 17:52:52','2025-03-04 17:52:52'),('WCHS0176','cba21bae-cd7a-4c3e-978c-f7e522598e23',NULL,'e2d36061-499c-4781-b100-70adb05a5ed2','2025-03-04 20:20:34','2025-03-04 20:20:34'),('WCHS0059','39a3b3c7-ea6c-49c6-b93f-1171e2db0159',NULL,'e48f9f27-ac38-4b54-a41a-8066db8fb3f5','2025-03-02 18:47:59','2025-03-02 18:47:59'),('WCHS0088','921efe81-8600-4f48-9077-76e9bbe20576',NULL,'e7198755-9cf0-4c9e-b8ca-af83df47497b','2025-03-03 15:22:16','2025-03-03 15:22:16'),('WCHS0079','45641d15-1c9b-49f2-b1f8-7b25d3f39e61',NULL,'e738214a-a813-4c95-be10-c889a5fb348f','2025-03-03 13:19:22','2025-03-03 13:19:22'),('WCHS0097',NULL,'1a83fb42-1317-4e74-b893-973229a3069b','e831e698-d769-45af-a05f-f9551793d799','2025-03-03 16:40:36','2025-03-03 16:40:36'),('WCHS0144','16e51e5f-a831-4ae3-a585-a471ac039d46',NULL,'e9e4131b-82ae-4c15-8528-a8b7e637943b','2025-03-04 14:09:52','2025-03-04 14:09:52'),('WCHS0089','b783feee-3dcf-444a-9d31-9e6759684cea',NULL,'ea05406e-9f06-4fd5-92d5-c7797ecba904','2025-03-03 15:26:37','2025-03-03 15:26:37'),('WCHS0047','846cce2f-43ea-4c6d-ba9a-6af66ae8415c',NULL,'ecae55dd-c32f-442e-88b2-2f38a24302a2','2025-03-02 18:40:22','2025-03-02 18:40:22'),('WCHS0114','1d486eeb-a18d-4e1a-b4f4-400e6cb48bcc',NULL,'ed5a27f7-dcea-49ce-886e-b00f6c01a308','2025-03-03 21:03:54','2025-03-03 21:03:54'),('WCHS0072','d77bd67f-6486-4bfe-b21a-f459e5678b3f',NULL,'ed870985-4745-4778-828c-fd4337e83ca2','2025-03-02 21:52:26','2025-03-02 21:52:26'),('WCHS0131','331242c4-5f35-4c6d-8e62-bb8103fda917',NULL,'eeb30537-104a-4e1e-8952-b2644cfcade4','2025-03-04 13:35:11','2025-03-04 13:35:11'),('WCHS0140','5cfa3dfe-5dda-4a0c-a5e2-a28fc7822193',NULL,'f3b6a52e-538a-459f-82cf-5cd2b338b3bd','2025-03-04 14:03:31','2025-03-04 14:03:31'),('WCHS0139','ce046a37-39f4-458f-a3bc-b599793ea752',NULL,'f41d45a5-da06-44cc-8e13-fc1d1994e5eb','2025-03-04 14:02:02','2025-03-04 14:02:02'),('WCHS0163','008f220a-03c9-4baa-872f-966edc3d29ff',NULL,'f5073b39-1774-479c-a8d3-6df51ac85dbd','2025-03-04 18:15:04','2025-03-04 18:15:04'),('WCHS0068','162443a2-dc3e-4c73-815c-f7abfced3a7a',NULL,'f619b6b9-9a34-40e6-82fb-ba51a728d6f7','2025-03-02 20:12:15','2025-03-02 20:12:15'),('WCHS0009','035abee0-851a-4737-8867-52a00dbac42a',NULL,'f799c433-54fe-44f1-bc68-352f45a4a69a','2025-03-01 13:27:15','2025-03-01 13:27:15'),('WCHS0063','29a67312-d90b-47b0-99ca-340c422e0b84',NULL,'f79c1946-2b9d-4d4f-aee8-2aec3665d589','2025-03-02 19:17:08','2025-03-02 19:17:08'),('WCHS0152','949b2f4a-f321-4d1a-a168-2e67976c9cfb',NULL,'f7edd283-6dc8-4c83-b76b-c4c543033827','2025-03-04 17:42:45','2025-03-04 17:42:45'),('WCHS0116','2b3c1d40-58d4-4c60-b481-0cacdeafa6e9',NULL,'f7fb8e90-5bc2-4d1d-a62e-ddf40de657ba','2025-03-03 21:08:09','2025-03-03 21:08:09'),('WCHS0075','75a7d11f-8195-42a1-a788-be11edece9cd',NULL,'fa92b0fc-2303-4fad-aac7-e19578f94ad4','2025-03-02 22:01:47','2025-03-02 22:01:47'),('WCHS0025','db4ec69c-c180-45f6-85ae-60a74ba71bdb',NULL,'fb03d2df-4767-48f3-a336-c261ea90a80d','2025-03-01 18:20:22','2025-03-01 18:20:22'),('WCHS0015',NULL,'fd54cba6-1a19-414b-85e5-4ff0be4248be','fb0a84d0-7c02-4462-b8ca-c0d23667205c','2025-03-01 14:10:34','2025-03-01 14:10:34'),('WCHS0120','5a178252-3441-412d-a6c7-5e33e5791dc4',NULL,'fd7325ca-1401-43dd-a28c-bc4251959092','2025-03-03 21:28:52','2025-03-03 21:28:52'),('WCHS0054','78e0bca7-7c0f-4e40-85ce-bb2641c5a316',NULL,'fd82d6d5-3fe9-4bd2-ac46-b96fb0dedb4a','2025-03-02 18:44:45','2025-03-02 18:44:45');
/*!40000 ALTER TABLE `receipts` ENABLE KEYS */;
UNLOCK TABLES;

--
-- Table structure for table `rooms`
--

DROP TABLE IF EXISTS `rooms`;
/*!40101 SET @saved_cs_client     = @@character_set_client */;
/*!50503 SET character_set_client = utf8mb4 */;
CREATE TABLE `rooms` (
  `image` longblob,
  `image_path` varchar(225) DEFAULT NULL,
  `name` varchar(225) NOT NULL,
  `status` enum('available','reserved','occupied') DEFAULT NULL,
  `amount` float NOT NULL,
  `number` varchar(20) NOT NULL,
  `id` varchar(60) NOT NULL,
  `created_at` datetime DEFAULT NULL,
  `updated_at` datetime DEFAULT NULL,
  PRIMARY KEY (`id`),
  UNIQUE KEY `number` (`number`)
) ENGINE=InnoDB DEFAULT CHARSET=utf8mb4 COLLATE=utf8mb4_0900_ai_ci;
/*!40101 SET character_set_client = @saved_cs_client */;

--
-- Dumping data for table `rooms`
--

LOCK TABLES `rooms` WRITE;
/*!40000 ALTER TABLE `rooms` DISABLE KEYS */;
INSERT INTO `rooms` VALUES (NULL,'/static/images/room_images/101.jpg','standard','occupied',19500,'101','026fbd0a-5fce-40d2-b3f3-2539b39087af','2025-03-01 11:32:00','2025-03-01 11:32:00'),(NULL,'/static/images/room_images/204.jpg','deluxe','occupied',22500,'204','255a2a36-2df3-4fdb-a4af-e012c66aa48d','2025-03-01 11:32:00','2025-03-01 11:32:00'),(NULL,'/static/images/room_images/207.jpg','deluxe','occupied',22500,'207','37dcc008-47dc-4c35-8d7d-915554363381','2025-03-01 11:32:00','2025-03-01 11:32:00'),(NULL,NULL,'Standard','occupied',19500,'105','470255dd-fc88-45a0-a49e-5a0315f157ba','2025-03-03 13:32:53','2025-03-03 13:32:53'),(NULL,'/static/images/room_images/102.jpg','standard','available',19500,'102','4a306082-b975-4a8a-aa86-454629ea83a4','2025-03-01 11:32:00','2025-03-01 11:32:00'),(NULL,'/static/images/room_images/203.jpg','deluxe','occupied',22500,'203','571b8411-432e-45a2-a15c-9f7733821808','2025-03-01 11:32:00','2025-03-01 11:32:00'),(NULL,'/static/images/room_images/201.jpg','deluxe','available',22500,'201','66819bf7-eea0-49f0-82ae-9bd3113b4b2a','2025-03-01 11:32:00','2025-03-01 11:32:00'),(NULL,NULL,'Deluxe','occupied',22500,'202','78e43660-d880-43d7-9599-8af690578a10','2025-03-03 13:36:16','2025-03-03 13:36:16'),(NULL,'/static/images/room_images/205.jpg','deluxe','occupied',22500,'205','7c2b4ca2-60f5-484c-a95c-158744a2b1c5','2025-03-01 11:32:00','2025-03-01 11:32:00'),(NULL,'/static/images/room_images/104.jpg','standard','occupied',19500,'104','952a8b81-4190-4adb-8bb6-3148eb4b202b','2025-03-01 11:32:00','2025-03-01 11:32:00'),(NULL,NULL,'Deluxe','occupied',22500,'206','c5acafe5-131c-4397-948f-a3d939f41eab','2025-03-03 13:36:33','2025-03-03 13:36:33'),(NULL,'/static/images/room_images/103.jpg','standard','available',19500,'103','fc2ec7c2-56ac-4faa-934c-039250b87755','2025-03-01 11:32:00','2025-03-01 11:32:00');
/*!40000 ALTER TABLE `rooms` ENABLE KEYS */;
UNLOCK TABLES;

--
-- Table structure for table `users`
--

DROP TABLE IF EXISTS `users`;
/*!40101 SET @saved_cs_client     = @@character_set_client */;
/*!50503 SET character_set_client = utf8mb4 */;
CREATE TABLE `users` (
  `title` varchar(20) DEFAULT NULL,
  `first_name` varchar(225) NOT NULL,
  `middle_name` varchar(225) DEFAULT NULL,
  `last_name` varchar(225) NOT NULL,
  `username` varchar(20) DEFAULT NULL,
  `profile_photo` longblob,
  `email` varchar(225) NOT NULL,
  `address` varchar(225) DEFAULT NULL,
  `gender` varchar(30) DEFAULT NULL,
  `salary` float DEFAULT NULL,
  `start_date` datetime DEFAULT NULL,
  `dob` datetime DEFAULT NULL,
  `number` varchar(30) DEFAULT NULL,
  `nok` varchar(225) DEFAULT NULL,
  `nok_number` varchar(30) DEFAULT NULL,
  `religion` varchar(225) DEFAULT NULL,
  `state` varchar(225) DEFAULT NULL,
  `password` varchar(1500) NOT NULL,
  `rank_number` varchar(1500) NOT NULL,
  `role` enum('admin','manager','staff') NOT NULL,
  `portfolio` varchar(1500) NOT NULL,
  `performance` int DEFAULT NULL,
  `is_active` tinyint(1) DEFAULT NULL,
  `last_active` datetime DEFAULT NULL,
  `id` varchar(60) NOT NULL,
  `created_at` datetime DEFAULT NULL,
  `updated_at` datetime DEFAULT NULL,
  PRIMARY KEY (`id`),
  UNIQUE KEY `email` (`email`)
) ENGINE=InnoDB DEFAULT CHARSET=utf8mb4 COLLATE=utf8mb4_0900_ai_ci;
/*!40101 SET character_set_client = @saved_cs_client */;

--
-- Dumping data for table `users`
--

LOCK TABLES `users` WRITE;
/*!40000 ALTER TABLE `users` DISABLE KEYS */;
INSERT INTO `users` VALUES ('Miss','Ogunronbi ','Sarah ','Omosikemi ','Debbie',NULL,'sarahomosikemi@williamscourthotel.com','No 12 lupeju Street camp ','Female',70000,NULL,'2003-04-23 00:00:00','09047040187','Michael ogunronbi ','07043994577','Christian','Ogun state','scrypt:32768:8:1$9PZAIzR72wZvuBXs$5d6cf1ab9a9aa807701941e95e968de24295ccc4f64719516d547e867f64fd43eda53f78f8dc4fd4614d20d4b771725ec982f0c05cd4414bf4c4751371233408','005','staff','Chef',50,0,NULL,'06afeb0e-17f5-441e-a65e-642e000a8c73','2025-03-01 01:14:46','2025-03-01 01:14:46'),('Miss','Feranmi','Victoria ','Daniel ','Feranmiger ',NULL,'feranmidaniel@williamscourthotel.com','No 14, fatola street, camp, Abeokuta ','Female',100000,NULL,'1997-08-21 00:00:00','08102564328','Daniel Olamide ','08121904062','Christianity ','Oyo','scrypt:32768:8:1$RFt65YVgiTJBUEal$d5bf9568fe4d98c32187ca61afb50ac8d615d94fff059f2d3d063822e548b342ee927fbf117beee5571535c74e63e76d1db330473747fce904f600234a6510a0','002','staff','Receptionist',50,0,NULL,'3608d9a5-0062-481e-bb02-f4f049cf4ae2','2025-03-01 01:14:46','2025-03-01 01:14:46'),('Miss','Rashidat','Ahoke','Idowu ','Adejoke ',NULL,'rashidatidowu@williamscourthotel.com','Osiele ireakari','Female',60000,NULL,'2000-04-11 00:00:00','09064049408','Mrs :Idowu ','07034624368','Muslim ','Ogun state','scrypt:32768:8:1$Pm3jzITksCMFA90c$8c5f65b4e0a92e41eaf43dc0fa63fd46c9ea0e3cd51d5c93a28ac0a3985db5f8782dac36d9432ae9cac0269d51971e4fdac2e153ffe222bcb11c9a3a8b049dbd','007','staff','Cleaner work',50,0,NULL,'615417ee-a0be-46ac-bbbc-b624c19cf3fa','2025-03-01 01:14:46','2025-03-01 01:14:46'),('Mr.','Shonde ','Olakunle ','Sheriff ','Shonddkunlex',NULL,'olakunleshonde@williamscourthotel.com','1 Ayya road. Camp bus stop ','Male',200000,NULL,'1990-01-10 00:00:00','08164288446','Taorid shonde','07061605777','Muslim ','Ogun state ','scrypt:32768:8:1$saot1iQPtfl8DEPW$f1fa7351c09db3611ebb08eeb9230e63f0efa6b9c7adeff4ea93ffc0c7da60bb413b576981f5a5cb8be72a3bd1dc2e86afc96828cda026137b6d5f133aa7bc06','001','manager','Manager',50,0,NULL,'64e03960-9e8b-4b66-b716-ccedaf09941b','2025-03-01 01:14:46','2025-03-01 01:14:46'),('Miss','Timothy','Olayinka','Funmilola','Maranatha',NULL,'timothyfunmilola@williamscourthotel.com','Mosadoluwa Cottage, Fatola Estate, Camp Abeokuta.','Male',60000,NULL,'1995-07-13 00:00:00','08138087051','Joshua, Olamilekan Adekunle','07060894346','Christian','Ogun State ','scrypt:32768:8:1$LeBFh7eE4qG9LLPu$cd53b3169287136f8d75a33605299fe0ee74faf865f82f94e206f478fc40f7b75df1bd40fbb4d991748e793252fc04bf503fbd695041bc148b021a65d9c660ae','003','staff','Assistant Receptionist',50,0,NULL,'650c6cc4-ebf8-499d-b702-956e36e89ada','2025-03-01 01:14:46','2025-03-01 01:14:46'),('Mr','David','Olalekan','Akinpelu','david',_binary '\e','info@williamscourthotel.com','David Akinpelu street','Male',NULL,NULL,NULL,'09030000554',NULL,'1','Christianity ','Ogun state ','scrypt:32768:8:1$yXY7KESP01zV2krP$85117a3046ac0114503a03213e09a3bff3f7cba3873faf8abf73038bc8c3f0ac5885329c91c96aef8fe01d16acfa9536d2c27c172c6529993a29a8e96723f9df','0','admin','CEO',100,1,NULL,'e586aa62-d577-416a-9bfa-eb3296fdb795','2025-03-01 01:14:47','2025-03-01 01:14:47'),('Miss','Ayomide','Opeyemi','Adesanya','Ayomide',NULL,'ayomideadesanya@williamscourthotel.com','16, Ilupeju street, off camp junction Abeokuta Ogun state','Female',70000,NULL,'2002-01-13 00:00:00','09018374127','Taofeek','09153020511','Muslim ','Ogun State','scrypt:32768:8:1$iEdjXFDNLJIfPR5k$b13937b19c194e65f1ee683288c0da4af1a7babf15e66475fc2ddbe500398061dd5738c8bf4cab9be45297542e8043476e7fea8a888177c2525e61e7b1e2b630','006','staff','Bartender',50,1,NULL,'f2b31a99-5274-4b62-be37-57a7f78ba04e','2025-03-01 01:14:46','2025-03-01 01:14:46');
/*!40000 ALTER TABLE `users` ENABLE KEYS */;
UNLOCK TABLES;

--
-- Table structure for table `vats`
--

DROP TABLE IF EXISTS `vats`;
/*!40101 SET @saved_cs_client     = @@character_set_client */;
/*!50503 SET character_set_client = utf8mb4 */;
CREATE TABLE `vats` (
  `month` date NOT NULL,
  `amount` float NOT NULL,
  `is_paid` tinyint(1) DEFAULT NULL,
  `id` varchar(60) NOT NULL,
  `created_at` datetime DEFAULT NULL,
  `updated_at` datetime DEFAULT NULL,
  PRIMARY KEY (`id`),
  UNIQUE KEY `month` (`month`)
) ENGINE=InnoDB DEFAULT CHARSET=utf8mb4 COLLATE=utf8mb4_0900_ai_ci;
/*!40101 SET character_set_client = @saved_cs_client */;

--
-- Dumping data for table `vats`
--

LOCK TABLES `vats` WRITE;
/*!40000 ALTER TABLE `vats` DISABLE KEYS */;
/*!40000 ALTER TABLE `vats` ENABLE KEYS */;
UNLOCK TABLES;

--
-- Table structure for table `vendors`
--

DROP TABLE IF EXISTS `vendors`;
/*!40101 SET @saved_cs_client     = @@character_set_client */;
/*!50503 SET character_set_client = utf8mb4 */;
CREATE TABLE `vendors` (
  `name` varchar(225) NOT NULL,
  `portfolio` varchar(225) NOT NULL,
  `number` varchar(225) NOT NULL,
  `id` varchar(60) NOT NULL,
  `created_at` datetime DEFAULT NULL,
  `updated_at` datetime DEFAULT NULL,
  PRIMARY KEY (`id`)
) ENGINE=InnoDB DEFAULT CHARSET=utf8mb4 COLLATE=utf8mb4_0900_ai_ci;
/*!40101 SET character_set_client = @saved_cs_client */;

--
-- Dumping data for table `vendors`
--

LOCK TABLES `vendors` WRITE;
/*!40000 ALTER TABLE `vendors` DISABLE KEYS */;
INSERT INTO `vendors` VALUES ('Fedlocks','Door cards','08096327015','0638ec63-cce7-408c-8d0c-975f8e06e693','2025-03-01 01:14:48','2025-03-01 01:14:48'),('Afolabi Damilare Anuoluwapo','Aluminium/glass','07032189154','0c270df9-7dac-4097-9719-29057f9b93ab','2025-03-01 01:14:48','2025-03-01 01:14:48'),('Afolayan Toluwase','Roof water collector','08068890055','11a2e3d6-6ca6-4dae-80c2-0a3c73c7fa25','2025-03-01 01:14:48','2025-03-01 01:14:48'),('Premium Market Link Service','Electronic supplier','08035397589','1419cd4a-c997-4101-9bf9-c972b26bba15','2025-03-01 01:14:48','2025-03-01 01:14:48'),('Ogungbayi Taiwo','Welder','08134589816','15080a40-603c-439b-a29d-4f2e828360b8','2025-03-01 01:14:48','2025-03-01 01:14:48'),('Rasheed Olasunkanmi Abiona','General cleaning','08059589254','193b56d2-0238-4907-964b-a35a41ef472a','2025-03-01 01:14:48','2025-03-01 01:14:48'),('Akanbi Emmanuel Olanrewaju','Computer repairer','08096327015','353aa4a3-c260-4780-ba91-29d9423f8bae','2025-03-01 01:14:48','2025-03-01 01:14:48'),('Brown Cherechukwu Alex','Painter','08124939482','3ef7e277-b68a-4092-a094-09f295ca0c55','2025-03-01 01:14:48','2025-03-01 01:14:48'),('Ogunbona Ibraheem Olaotan','OGIRS/Consumer tax','08035154451','486c65ba-463d-4c8e-be82-07c04508db74','2025-03-01 01:14:48','2025-03-01 01:14:48'),('Oluwaseun Bernardine Oke','FIRS','08084477102','4ddd0a86-8ed4-467f-9739-c2d5e940dc6e','2025-03-01 01:14:48','2025-03-01 01:14:48'),('Yusuf Olajide Akinremi','Plumber','07067231491, 08104228467','5b043038-cdc4-4dff-87f7-0db7b1dab2db','2025-03-01 01:14:48','2025-03-01 01:14:48'),('Adeleke David Adeniyi','Media','09021366968','64c7b4c0-f513-492b-8748-45868c08639f','2025-03-01 01:14:48','2025-03-01 01:14:48'),('Ogungbayi Taiwo','Iron bender','08134589816','652f3dc7-4065-4e3b-9d6d-6326d70550d1','2025-03-01 01:14:48','2025-03-01 01:14:48'),('Flower Man','Flower','07065536770','68c9f67e-546e-4c5f-b774-430afd73d14b','2025-03-01 01:14:48','2025-03-01 01:14:48'),('Okposin Wisdom Aniefiok','Software Engineer','08100143154','6a0bd71f-5c61-4a85-87a0-079129b27874','2025-03-01 01:14:48','2025-03-01 01:14:48'),('Keji Mutiu Ayinde','Electrician','08033975953','767dd498-3cd3-43de-9d5a-583a15f360a5','2025-03-01 01:14:48','2025-03-01 01:14:48'),('Yusuf Adebayo','Battery repairer','09120009709','790d5d92-7598-449d-9cb7-7c8edb2058c6','2025-03-01 01:14:48','2025-03-01 01:14:48'),('Adeola Jimoh Adeniran','Carpenter','08034233274','794a28cd-7dce-4195-aa17-016a05dc5bae','2025-03-01 01:14:48','2025-03-01 01:14:48'),('Korede Paul Abayomi','Freezer Repairer','07081153798','7e66cc36-3486-444d-aa7a-cabbfa63c4bf','2025-03-01 01:14:48','2025-03-01 01:14:48'),('Arise Afeez','Nepa','08030696355','939e3cd2-1656-4059-9041-b48e9016fac9','2025-03-01 01:14:48','2025-03-01 01:14:48'),('Usman Akanni Olaleye','Battery seller','08033736075','9e1fba4e-80ee-4415-a730-c4a500225754','2025-03-01 01:14:48','2025-03-01 01:14:48'),('Bazeet Boluwatife Jimoh','Inverter Repairer','08070669625','a4200bbd-366c-4a54-9bc3-c0451df239f9','2025-03-01 01:14:48','2025-03-01 01:14:48'),('Omitogun Hakeem','Air condition','09139098903','a4f19711-88c4-4183-8167-f9743a40130d','2025-03-01 01:14:48','2025-03-01 01:14:48'),('Mr Olusesi Hassan','WiFi (Airtel)','09024247998','b3458f24-4c53-44d6-9f1d-f26d464dab50','2025-03-01 01:14:48','2025-03-01 01:14:48'),('Abdul Damilola Wasiu','Dstv','09065602176','c4d8e1fe-54dd-4032-bc34-bc9e097757e4','2025-03-01 01:14:48','2025-03-01 01:14:48'),('Samson Abayomi Odesesan','Mechanics','08086847189, 09065796556','c96b6c22-fffa-4589-94b1-4870e3353eec','2025-03-01 01:14:48','2025-03-01 01:14:48'),('Sarafa Adediran Mosaku','Games seller','08081044914','d40abec0-1c2a-4f60-ab1d-b3e047f79b68','2025-03-01 01:14:48','2025-03-01 01:14:48'),('Jolaoso Segun Moruf','Billboard/Signage','08060604846','d44acac9-8968-47de-85d9-b633abf6558f','2025-03-01 01:14:48','2025-03-01 01:14:48'),('Ganiyu Idowu Adekule','Paint seller','08033580942','e3091365-6a39-4368-b9f1-e5593d31a29a','2025-03-01 01:14:48','2025-03-01 01:14:48'),('Opeyemi Oluwasayo Ajibade','Bricklayer','07068509795','e3d308d5-438f-422f-821d-66a092e2f500','2025-03-01 01:14:48','2025-03-01 01:14:48'),('Adeola Jimoh Adeniran','Furniture','08034233274','fb8cfefc-8e16-4dc4-8859-a2772669fd43','2025-03-01 01:14:48','2025-03-01 01:14:48');
/*!40000 ALTER TABLE `vendors` ENABLE KEYS */;
UNLOCK TABLES;
/*!40103 SET TIME_ZONE=@OLD_TIME_ZONE */;

/*!40101 SET SQL_MODE=@OLD_SQL_MODE */;
/*!40014 SET FOREIGN_KEY_CHECKS=@OLD_FOREIGN_KEY_CHECKS */;
/*!40014 SET UNIQUE_CHECKS=@OLD_UNIQUE_CHECKS */;
/*!40101 SET CHARACTER_SET_CLIENT=@OLD_CHARACTER_SET_CLIENT */;
/*!40101 SET CHARACTER_SET_RESULTS=@OLD_CHARACTER_SET_RESULTS */;
/*!40101 SET COLLATION_CONNECTION=@OLD_COLLATION_CONNECTION */;
/*!40111 SET SQL_NOTES=@OLD_SQL_NOTES */;

-- Dump completed on 2025-03-04 21:48:19
